symbol,queriedSymbol,period,strongBuy,buy,hold,sell,strongSell
HYREQ,HYREQ,2023-07-01,4,4,1,0,0
HYREQ,HYREQ,2023-06-01,4,4,1,0,0
HYREQ,HYREQ,2023-05-01,4,4,1,0,0
HYREQ,HYREQ,2023-04-01,4,4,1,0,0
5946.T,CFSKF,2024-06-01,0,0,3,3,1
5946.T,CFSKF,2024-05-01,0,0,3,3,1
5946.T,CFSKF,2024-04-01,0,0,3,3,1
5946.T,CFSKF,2024-03-01,0,0,3,3,1
QEC.TO,QTEYF,2021-12-01,0,0,2,3,2
QEC.TO,QTEYF,2021-11-01,0,0,2,3,2
QEC.TO,QTEYF,2021-10-01,0,0,2,3,2
QEC.TO,QTEYF,2021-09-01,0,0,2,3,2
TLX.DE,TNXXF,2024-08-01,0,1,8,4,1
TLX.DE,TNXXF,2024-07-01,0,1,8,4,1
TLX.DE,TNXXF,2024-06-01,0,1,8,4,1
TLX.DE,TNXXF,2024-05-01,0,1,8,4,1
NG,NG,2024-08-01,3,5,2,0,0
NG,NG,2024-07-01,3,5,2,0,0
NG,NG,2024-06-01,3,5,2,0,0
NG,NG,2024-05-01,3,5,2,0,0
JDW.L,JDWPF,2024-08-01,5,7,7,0,0
JDW.L,JDWPF,2024-07-01,5,7,7,0,0
JDW.L,JDWPF,2024-06-01,5,7,8,0,0
JDW.L,JDWPF,2024-05-01,5,7,8,0,0
002460.SZ,GNENF,2024-08-01,5,14,5,2,1
002460.SZ,GNENF,2024-07-01,6,14,4,2,1
002460.SZ,GNENF,2024-06-01,6,14,4,2,1
002460.SZ,GNENF,2024-05-01,6,13,5,2,1
1802.T,OBYCF,2024-08-01,2,7,3,0,0
1802.T,OBYCF,2024-07-01,2,7,3,0,0
1802.T,OBYCF,2024-06-01,2,6,4,0,0
1802.T,OBYCF,2024-05-01,1,6,4,1,0
HLGN,HLGN,2024-08-01,0,0,3,1,2
HLGN,HLGN,2024-07-01,0,0,3,1,2
HLGN,HLGN,2024-06-01,0,0,3,1,2
HLGN,HLGN,2024-05-01,0,0,3,1,2
1SXP.DE,STTPF,2024-08-01,4,5,8,0,0
1SXP.DE,STTPF,2024-07-01,4,4,9,0,0
1SXP.DE,STTPF,2024-06-01,4,4,9,0,0
1SXP.DE,STTPF,2024-05-01,4,4,8,0,0
IAM.CS,MAOTF,2024-08-01,1,3,3,0,0
IAM.CS,MAOTF,2024-07-01,1,3,3,0,0
IAM.CS,MAOTF,2024-06-01,0,0,4,4,1
IAM.CS,MAOTF,2024-05-01,0,0,4,4,1
TSN,TSN,2024-08-01,2,4,9,1,0
TSN,TSN,2024-07-01,2,4,9,1,0
TSN,TSN,2024-06-01,3,4,9,1,0
TSN,TSN,2024-05-01,3,4,9,1,0
PARNF,PARNF,2021-12-01,3,5,1,0,0
PARNF,PARNF,2021-11-01,3,5,1,0,0
PARNF,PARNF,2021-10-01,3,5,1,0,0
PARNF,PARNF,2021-09-01,3,5,1,0,0
HLUN A.CO,HLUBF,2022-10-01,2,6,11,0,0
HLUN A.CO,HLUBF,2022-09-01,2,7,10,1,0
HLUN A.CO,HLUBF,2022-08-01,2,7,10,1,0
HLUN A.CO,HLUBF,2022-07-01,2,6,9,2,0
RMBL,RMBL,2024-08-01,4,5,2,0,0
RMBL,RMBL,2024-07-01,4,5,2,0,0
RMBL,RMBL,2024-06-01,4,5,2,0,0
RMBL,RMBL,2024-05-01,4,5,2,0,0
ENTG.V,ETRGF,2022-12-01,0,0,3,3,1
ENTG.V,ETRGF,2022-11-01,0,0,3,3,1
ENTG.V,ETRGF,2022-10-01,0,0,3,3,1
ENTG.V,ETRGF,2022-09-01,0,0,3,3,1
EN.PA,BOUYF,2024-08-01,4,8,7,2,0
EN.PA,BOUYF,2024-07-01,4,8,7,2,0
EN.PA,BOUYF,2024-06-01,4,8,7,2,0
EN.PA,BOUYF,2024-05-01,4,8,7,2,0
DMGI.V,DMGGF,2024-08-01,1,3,1,0,0
DMGI.V,DMGGF,2024-07-01,1,3,1,0,0
DMGI.V,DMGGF,2024-06-01,1,3,1,0,0
DMGI.V,DMGGF,2024-05-01,1,3,1,0,0
APDN,APDN,2024-08-01,2,4,2,0,0
APDN,APDN,2024-07-01,2,4,2,0,0
APDN,APDN,2024-06-01,2,4,2,0,0
APDN,APDN,2024-05-01,2,5,1,0,0
SNDA,SNDA,2024-01-01,0,0,2,2,2
SNDA,SNDA,2023-12-01,0,0,2,2,2
SNDA,SNDA,2023-11-01,0,0,2,2,2
SNDA,SNDA,2023-10-01,0,0,2,2,2
2001.HK,CNEWF,2024-08-01,6,6,2,0,0
2001.HK,CNEWF,2024-07-01,6,7,2,0,0
2001.HK,CNEWF,2024-06-01,7,6,2,0,0
2001.HK,CNEWF,2024-05-01,7,6,2,0,0
FG,FG,2024-08-01,0,0,4,3,3
FG,FG,2024-07-01,0,0,4,3,3
FG,FG,2024-06-01,0,0,4,3,3
FG,FG,2024-05-01,0,0,4,3,3
1563.HK,ALCIF,2023-09-01,3,3,1,0,0
1563.HK,ALCIF,2023-08-01,3,3,1,0,0
1563.HK,ALCIF,2023-07-01,3,3,1,0,0
1563.HK,ALCIF,2023-06-01,3,3,1,0,0
FIS,FIS,2024-08-01,8,11,16,0,0
FIS,FIS,2024-07-01,8,12,15,0,0
FIS,FIS,2024-06-01,8,12,15,0,0
FIS,FIS,2024-05-01,8,12,15,0,0
EGIO,EGIO,2024-08-01,0,0,5,1,2
EGIO,EGIO,2024-07-01,0,0,5,1,2
EGIO,EGIO,2024-06-01,0,0,5,1,2
EGIO,EGIO,2024-05-01,0,0,5,1,2
CARL B.CO,CABJF,2024-08-01,8,11,7,0,0
CARL B.CO,CABJF,2024-07-01,8,11,7,0,0
CARL B.CO,CABJF,2024-06-01,8,12,8,0,0
CARL B.CO,CABJF,2024-05-01,8,12,8,0,0
DOUG,DOUG,2024-08-01,3,3,2,0,0
DOUG,DOUG,2024-07-01,3,3,2,0,0
DOUG,DOUG,2024-06-01,3,3,2,0,0
DOUG,DOUG,2024-05-01,3,3,2,0,0
IPWR,IPWR,2024-07-01,2,4,1,0,0
IPWR,IPWR,2024-06-01,2,4,1,0,0
IPWR,IPWR,2024-05-01,2,4,1,0,0
IPWR,IPWR,2024-04-01,2,4,1,0,0
SNNAQ,SNNAQ,2023-01-01,3,5,1,0,0
SNNAQ,SNNAQ,2022-12-01,3,5,1,0,0
SNNAQ,SNNAQ,2022-11-01,3,5,1,0,0
SNNAQ,SNNAQ,2022-10-01,3,5,1,0,0
KVHI,KVHI,2024-05-01,2,4,1,0,0
KVHI,KVHI,2024-04-01,2,4,1,0,0
KVHI,KVHI,2024-03-01,2,4,1,0,0
KVHI,KVHI,2024-02-01,2,4,1,0,0
FAN.L,VLUTF,2024-08-01,6,7,3,0,0
FAN.L,VLUTF,2024-07-01,6,7,3,0,0
FAN.L,VLUTF,2024-06-01,6,7,4,0,0
FAN.L,VLUTF,2024-05-01,6,8,3,0,0
MAPI.JK,PMDKF,2024-08-01,4,12,3,0,0
MAPI.JK,PMDKF,2024-07-01,5,11,2,0,0
MAPI.JK,PMDKF,2024-06-01,6,10,3,0,0
MAPI.JK,PMDKF,2024-05-01,5,10,3,0,0
2168.T,PGUPF,2021-12-01,0,0,2,4,1
2168.T,PGUPF,2021-11-01,0,0,2,4,1
2168.T,PGUPF,2021-10-01,0,0,2,4,1
2168.T,PGUPF,2021-09-01,0,0,2,4,1
WSTL,WSTL,2021-12-01,2,4,1,0,0
WSTL,WSTL,2021-11-01,2,4,1,0,0
WSTL,WSTL,2021-10-01,2,4,1,0,0
WSTL,WSTL,2021-09-01,2,4,1,0,0
VRLA.PA,VRLAF,2024-08-01,7,10,2,0,0
VRLA.PA,VRLAF,2024-07-01,7,10,1,0,0
VRLA.PA,VRLAF,2024-06-01,7,10,1,0,0
VRLA.PA,VRLAF,2024-05-01,7,8,2,0,0
ONB,ONB,2024-08-01,3,6,4,0,0
ONB,ONB,2024-07-01,3,6,3,0,0
ONB,ONB,2024-06-01,3,5,3,0,0
ONB,ONB,2024-05-01,3,5,4,0,0
CAMX.ST,CAMRF,2024-08-01,4,6,3,0,0
CAMX.ST,CAMRF,2024-07-01,4,6,3,0,0
CAMX.ST,CAMRF,2024-06-01,4,6,3,0,0
CAMX.ST,CAMRF,2024-05-01,4,6,3,0,0
KLR.L,KLRGF,2024-08-01,6,6,1,0,0
KLR.L,KLRGF,2024-07-01,6,6,1,0,0
KLR.L,KLRGF,2024-06-01,7,6,1,0,0
KLR.L,KLRGF,2024-05-01,7,5,1,0,0
1893.T,PNOCF,2024-08-01,1,7,2,0,0
1893.T,PNOCF,2024-07-01,1,7,2,0,0
1893.T,PNOCF,2024-06-01,1,7,2,0,0
1893.T,PNOCF,2024-05-01,1,7,2,0,0
7762.T,CHCLF,2024-08-01,1,0,5,4,2
7762.T,CHCLF,2024-07-01,1,0,5,4,2
7762.T,CHCLF,2024-06-01,1,0,4,4,2
7762.T,CHCLF,2024-05-01,1,0,4,4,2
6183.T,BLSYF,2024-08-01,1,5,3,0,0
6183.T,BLSYF,2024-07-01,1,5,3,0,0
6183.T,BLSYF,2024-06-01,1,5,3,0,0
6183.T,BLSYF,2024-05-01,1,5,3,0,0
NEXI.MI,NEXPF,2024-08-01,7,11,5,0,0
NEXI.MI,NEXPF,2024-07-01,7,10,7,0,0
NEXI.MI,NEXPF,2024-06-01,7,10,6,1,0
NEXI.MI,NEXPF,2024-05-01,7,10,6,1,0
HSY,HSY,2024-08-01,4,4,20,0,0
HSY,HSY,2024-07-01,4,4,20,0,0
HSY,HSY,2024-06-01,4,4,20,1,0
HSY,HSY,2024-05-01,4,4,19,1,0
BHVN,BHVN,2024-08-01,6,11,1,0,0
BHVN,BHVN,2024-07-01,6,10,1,0,0
BHVN,BHVN,2024-06-01,6,10,1,0,0
BHVN,BHVN,2024-05-01,6,10,1,0,0
OSUR,OSUR,2024-08-01,3,3,5,0,0
OSUR,OSUR,2024-07-01,3,3,5,0,0
OSUR,OSUR,2024-06-01,3,3,6,0,0
OSUR,OSUR,2024-05-01,3,3,6,0,0
MTLO.V,DRKOF,2023-10-01,0,0,3,3,1
MTLO.V,DRKOF,2023-09-01,0,0,3,3,1
MTLO.V,DRKOF,2023-08-01,0,0,3,3,1
MTLO.V,DRKOF,2023-07-01,0,0,3,3,1
CDD.AX,COLDF,2021-12-01,1,3,1,0,0
CDD.AX,COLDF,2021-11-01,1,3,1,0,0
CDD.AX,COLDF,2021-10-01,1,3,1,0,0
CDD.AX,COLDF,2021-09-01,1,3,1,0,0
NICE.TA,NCSYF,2024-08-01,7,8,1,0,0
NICE.TA,NCSYF,2024-07-01,7,8,1,0,0
NICE.TA,NCSYF,2024-06-01,7,8,1,0,0
NICE.TA,NCSYF,2024-05-01,7,8,1,0,0
REC.MI,RCDTF,2024-08-01,2,5,7,1,0
REC.MI,RCDTF,2024-07-01,2,5,7,1,0
REC.MI,RCDTF,2024-06-01,2,5,7,1,0
REC.MI,RCDTF,2024-05-01,2,5,7,1,0
USGO,USGO,2024-08-01,2,4,1,0,0
USGO,USGO,2024-07-01,2,4,1,0,0
USGO,USGO,2024-06-01,2,4,1,0,0
USGO,USGO,2024-05-01,2,5,1,0,0
CTXR,CTXR,2024-08-01,2,6,1,0,0
CTXR,CTXR,2024-07-01,2,5,1,0,0
CTXR,CTXR,2024-06-01,2,5,1,0,0
CTXR,CTXR,2024-05-01,2,6,1,0,0
GAN,GAN,2024-08-01,0,0,4,4,1
GAN,GAN,2024-07-01,0,0,4,4,1
GAN,GAN,2024-06-01,0,0,4,4,1
GAN,GAN,2024-05-01,0,0,4,4,1
3697.T,SFTTF,2024-08-01,3,5,5,0,0
3697.T,SFTTF,2024-07-01,3,5,4,0,0
3697.T,SFTTF,2024-06-01,3,5,4,0,0
3697.T,SFTTF,2024-05-01,3,5,4,0,0
WINT,WINT,2024-08-01,0,0,3,1,2
WINT,WINT,2024-07-01,0,0,3,1,2
WINT,WINT,2024-06-01,0,0,3,1,2
WINT,WINT,2024-05-01,0,0,3,1,2
OWLT,OWLT,2024-08-01,2,4,1,0,0
OWLT,OWLT,2024-07-01,2,4,1,0,0
OWLT,OWLT,2024-06-01,2,4,1,0,0
OWLT,OWLT,2024-05-01,2,4,1,0,0
2331.HK,LNNGF,2024-08-01,13,20,10,1,0
2331.HK,LNNGF,2024-07-01,14,19,10,1,0
2331.HK,LNNGF,2024-06-01,14,20,10,1,0
2331.HK,LNNGF,2024-05-01,19,21,9,1,0
IQV,IQV,2024-08-01,7,14,7,0,0
IQV,IQV,2024-07-01,8,14,6,0,0
IQV,IQV,2024-06-01,8,12,6,0,0
IQV,IQV,2024-05-01,8,12,6,0,0
PBYI,PBYI,2024-08-01,0,1,3,2,2
PBYI,PBYI,2024-07-01,0,1,3,2,2
PBYI,PBYI,2024-06-01,0,1,3,2,2
PBYI,PBYI,2024-05-01,0,1,3,2,2
HSON,HSON,2023-10-01,2,4,1,0,0
HSON,HSON,2023-09-01,2,4,1,0,0
HSON,HSON,2023-08-01,2,4,1,0,0
HSON,HSON,2023-07-01,2,4,1,0,0
PSFE,PSFE,2024-08-01,1,0,7,3,2
PSFE,PSFE,2024-07-01,1,0,7,3,2
PSFE,PSFE,2024-06-01,1,0,7,3,2
PSFE,PSFE,2024-05-01,1,0,7,3,2
STM.DE,SIUAF,2024-08-01,3,8,3,0,1
STM.DE,SIUAF,2024-07-01,3,8,3,0,1
STM.DE,SIUAF,2024-06-01,3,8,3,0,1
STM.DE,SIUAF,2024-05-01,2,8,3,0,1
9552.T,MAARF,2024-08-01,3,8,1,0,0
9552.T,MAARF,2024-07-01,3,8,1,0,0
9552.T,MAARF,2024-06-01,3,8,1,0,0
9552.T,MAARF,2024-05-01,3,8,1,0,0
DCI,DCI,2024-08-01,2,3,6,1,0
DCI,DCI,2024-07-01,2,3,5,1,0
DCI,DCI,2024-06-01,1,0,6,5,1
DCI,DCI,2024-05-01,1,0,6,5,1
CBFV,CBFV,2024-08-01,0,0,5,1,2
CBFV,CBFV,2024-07-01,0,0,5,1,2
CBFV,CBFV,2024-06-01,0,0,5,1,2
CBFV,CBFV,2024-05-01,0,0,5,1,2
4443.T,SNSNF,2024-08-01,3,6,2,0,0
4443.T,SNSNF,2024-07-01,3,6,2,0,0
4443.T,SNSNF,2024-06-01,2,6,3,0,0
4443.T,SNSNF,2024-05-01,2,6,3,0,0
5726.T,OSTTF,2024-08-01,3,3,1,0,0
5726.T,OSTTF,2024-07-01,3,3,1,0,0
5726.T,OSTTF,2024-06-01,3,3,1,0,0
5726.T,OSTTF,2024-05-01,3,3,1,0,0
AVTX,AVTX,2024-08-01,0,0,3,1,2
AVTX,AVTX,2024-07-01,0,0,3,1,2
AVTX,AVTX,2024-06-01,0,0,3,1,2
AVTX,AVTX,2024-05-01,0,0,3,1,2
EL.PA,ESLOF,2024-08-01,8,14,9,0,0
EL.PA,ESLOF,2024-07-01,7,15,9,0,1
EL.PA,ESLOF,2024-06-01,7,14,10,0,1
EL.PA,ESLOF,2024-05-01,7,14,10,0,1
FSRL,FSRL,2024-08-01,3,4,1,0,0
FSRL,FSRL,2024-07-01,3,4,1,0,0
FSRL,FSRL,2024-06-01,3,4,1,0,0
FSRL,FSRL,2024-05-01,3,4,1,0,0
PHVS,PHVS,2024-08-01,6,5,1,1,0
PHVS,PHVS,2024-07-01,6,5,1,1,0
PHVS,PHVS,2024-06-01,6,5,1,1,0
PHVS,PHVS,2024-05-01,6,5,1,1,0
GFG.DE,GLFGF,2024-08-01,0,0,3,4,1
GFG.DE,GLFGF,2024-07-01,0,0,3,4,1
GFG.DE,GLFGF,2024-06-01,0,0,3,4,1
GFG.DE,GLFGF,2024-05-01,0,0,3,4,1
MGM,MGM,2024-08-01,6,15,6,0,0
MGM,MGM,2024-07-01,5,16,5,0,0
MGM,MGM,2024-06-01,4,16,5,0,0
MGM,MGM,2024-05-01,4,15,6,0,0
LWAY,LWAY,2024-08-01,2,5,1,0,0
LWAY,LWAY,2024-07-01,2,5,1,0,0
LWAY,LWAY,2024-06-01,2,5,1,0,0
LWAY,LWAY,2024-05-01,2,4,2,0,0
ELD.TO,EGO,2024-08-01,1,8,4,1,0
ELD.TO,EGO,2024-07-01,1,8,4,1,0
ELD.TO,EGO,2024-06-01,1,8,4,1,0
ELD.TO,EGO,2024-05-01,1,7,5,1,0
APTV,APTV,2024-08-01,10,14,5,3,0
APTV,APTV,2024-07-01,10,14,4,3,0
APTV,APTV,2024-06-01,10,15,5,2,0
APTV,APTV,2024-05-01,10,15,5,2,0
BALYO.PA,BYYLF,2023-12-01,0,0,3,1,3
BALYO.PA,BYYLF,2023-11-01,0,0,3,1,3
BALYO.PA,BYYLF,2023-10-01,0,0,3,1,3
BALYO.PA,BYYLF,2023-09-01,0,0,3,1,3
7203.T,TOYOF,2024-08-01,5,13,7,0,0
7203.T,TOYOF,2024-07-01,5,13,8,0,0
7203.T,TOYOF,2024-06-01,5,13,9,0,0
7203.T,TOYOF,2024-05-01,7,12,8,0,0
ALFEN.AS,ALFNF,2024-08-01,1,1,9,3,5
ALFEN.AS,ALFNF,2024-07-01,1,1,7,3,5
ALFEN.AS,ALFNF,2024-06-01,7,7,6,1,0
ALFEN.AS,ALFNF,2024-05-01,6,8,6,1,0
7707.T,PCNEF,2023-02-01,0,0,3,3,1
7707.T,PCNEF,2023-01-01,0,0,3,3,1
7707.T,PCNEF,2022-12-01,0,0,3,3,1
7707.T,PCNEF,2022-11-01,0,0,3,3,1
RS1.L,EENEF,2024-08-01,4,9,10,0,0
RS1.L,EENEF,2024-07-01,4,10,8,1,0
RS1.L,EENEF,2024-06-01,4,10,7,1,0
RS1.L,EENEF,2024-05-01,6,9,6,1,0
EIGRQ,EIGRQ,2024-08-01,4,4,1,0,0
EIGRQ,EIGRQ,2024-07-01,4,4,1,0,0
EIGRQ,EIGRQ,2024-06-01,4,4,1,0,0
EIGRQ,EIGRQ,2024-05-01,4,4,1,0,0
PLBC,PLBC,2024-08-01,2,4,1,0,0
PLBC,PLBC,2024-07-01,2,4,1,0,0
PLBC,PLBC,2024-06-01,2,4,1,0,0
PLBC,PLBC,2024-05-01,2,4,1,0,0
WFC,WFC,2024-08-01,4,12,15,0,0
WFC,WFC,2024-07-01,4,12,16,0,0
WFC,WFC,2024-06-01,4,12,16,0,0
WFC,WFC,2024-05-01,4,12,16,0,0
LIVEPOLC-1.MX,ELPQF,2024-08-01,2,7,9,3,0
LIVEPOLC-1.MX,ELPQF,2024-07-01,2,8,8,3,0
LIVEPOLC-1.MX,ELPQF,2024-06-01,2,8,8,3,0
LIVEPOLC-1.MX,ELPQF,2024-05-01,2,8,7,3,0
AGMR.V,AGMRF,2024-08-01,2,3,1,0,0
AGMR.V,AGMRF,2024-07-01,2,3,1,0,0
AGMR.V,AGMRF,2024-06-01,2,3,1,0,0
AGMR.V,AGMRF,2024-05-01,2,3,1,0,0
9698.HK,GDHLF,2024-08-01,5,6,2,0,0
9698.HK,GDHLF,2024-07-01,5,6,2,0,0
9698.HK,GDHLF,2024-06-01,5,6,2,0,0
9698.HK,GDHLF,2024-05-01,4,6,2,0,0
NBHC,NBHC,2024-08-01,2,5,4,0,0
NBHC,NBHC,2024-07-01,2,6,3,0,0
NBHC,NBHC,2024-06-01,2,6,3,0,0
NBHC,NBHC,2024-05-01,2,6,3,0,0
SNN.CN,SNNVF,2021-12-01,0,0,3,3,1
SNN.CN,SNNVF,2021-11-01,0,0,3,3,1
SNN.CN,SNNVF,2021-10-01,0,0,3,3,1
SNN.CN,SNNVF,2021-09-01,2,2,1,0,0
6430.T,DKKUF,2021-12-01,0,0,3,3,1
6430.T,DKKUF,2021-11-01,0,0,3,3,1
6430.T,DKKUF,2021-10-01,0,0,3,3,1
6430.T,DKKUF,2021-09-01,0,0,3,3,1
TUD.V,TDRRF,2024-08-01,3,7,1,0,0
TUD.V,TDRRF,2024-07-01,3,7,1,0,0
TUD.V,TDRRF,2024-06-01,3,7,1,0,0
TUD.V,TDRRF,2024-05-01,3,7,1,0,0
HPQ,HPQ,2024-08-01,4,8,8,1,0
HPQ,HPQ,2024-07-01,4,8,8,1,0
HPQ,HPQ,2024-06-01,4,7,8,1,0
HPQ,HPQ,2024-05-01,4,7,7,2,0
IPO.L,IPZYF,2024-08-01,3,6,1,0,0
IPO.L,IPZYF,2024-07-01,3,6,1,0,0
IPO.L,IPZYF,2024-06-01,3,6,1,0,0
IPO.L,IPZYF,2024-05-01,4,5,1,0,0
S58.SI,SPASF,2024-08-01,4,6,3,0,0
S58.SI,SPASF,2024-07-01,4,7,2,0,0
S58.SI,SPASF,2024-06-01,4,7,2,0,0
S58.SI,SPASF,2024-05-01,4,6,2,0,0
REVG,REVG,2024-08-01,3,4,2,1,0
REVG,REVG,2024-07-01,3,4,2,1,0
REVG,REVG,2024-06-01,3,4,1,1,0
REVG,REVG,2024-05-01,3,4,1,1,0
PLTK,PLTK,2024-08-01,6,4,8,1,0
PLTK,PLTK,2024-07-01,6,4,9,1,0
PLTK,PLTK,2024-06-01,6,5,7,1,0
PLTK,PLTK,2024-05-01,6,5,7,1,0
FCFS,FCFS,2024-08-01,3,5,3,0,0
FCFS,FCFS,2024-07-01,3,5,3,0,0
FCFS,FCFS,2024-06-01,3,5,2,0,0
FCFS,FCFS,2024-05-01,3,5,2,0,0
RBI.VI,RAIFF,2024-08-01,5,6,5,1,0
RBI.VI,RAIFF,2024-07-01,5,6,5,1,0
RBI.VI,RAIFF,2024-06-01,6,6,5,1,0
RBI.VI,RAIFF,2024-05-01,7,5,5,1,0
CWCO,CWCO,2024-08-01,3,4,1,0,0
CWCO,CWCO,2024-07-01,3,4,1,0,0
CWCO,CWCO,2024-06-01,3,4,1,0,0
CWCO,CWCO,2024-05-01,3,4,1,0,0
RKT,RKT,2024-08-01,0,0,11,9,1
RKT,RKT,2024-07-01,0,0,11,9,1
RKT,RKT,2024-06-01,0,0,11,9,1
RKT,RKT,2024-05-01,0,0,11,9,1
9504.T,CGKEF,2024-08-01,0,1,4,4,1
9504.T,CGKEF,2024-07-01,0,1,4,4,1
9504.T,CGKEF,2024-06-01,0,1,4,4,1
9504.T,CGKEF,2024-05-01,0,1,4,4,1
AAON,AAON,2024-08-01,4,5,3,0,0
AAON,AAON,2024-07-01,4,5,2,0,0
AAON,AAON,2024-06-01,4,4,3,0,0
AAON,AAON,2024-05-01,4,4,3,0,0
ARCAD.AS,ARCVF,2024-08-01,7,8,2,1,0
ARCAD.AS,ARCVF,2024-07-01,7,8,2,1,0
ARCAD.AS,ARCVF,2024-06-01,8,7,2,1,0
ARCAD.AS,ARCVF,2024-05-01,8,7,2,1,0
2282.HK,MCHVF,2024-08-01,8,10,3,0,0
2282.HK,MCHVF,2024-07-01,8,10,3,0,0
2282.HK,MCHVF,2024-06-01,9,9,3,0,0
2282.HK,MCHVF,2024-05-01,9,9,3,0,0
BCM.V,BCEKF,2024-08-01,3,5,1,0,0
BCM.V,BCEKF,2024-07-01,3,5,1,0,0
BCM.V,BCEKF,2024-06-01,3,5,1,0,0
BCM.V,BCEKF,2024-05-01,3,5,1,0,0
CDIO,CDIO,2024-08-01,2,5,1,0,0
CDIO,CDIO,2024-07-01,2,5,1,0,0
CDIO,CDIO,2024-06-01,2,5,1,0,0
CDIO,CDIO,2024-05-01,2,5,1,0,0
XVIVO.ST,XVIPF,2024-08-01,5,5,3,0,0
XVIVO.ST,XVIPF,2024-07-01,5,6,2,0,0
XVIVO.ST,XVIPF,2024-06-01,5,6,2,0,0
XVIVO.ST,XVIPF,2024-05-01,5,6,2,0,0
PAHC,PAHC,2024-08-01,0,0,3,4,2
PAHC,PAHC,2024-07-01,0,0,3,4,2
PAHC,PAHC,2024-06-01,0,0,3,4,2
PAHC,PAHC,2024-05-01,0,0,3,4,2
SYNT.L,SYYYF,2024-08-01,2,4,8,0,0
SYNT.L,SYYYF,2024-07-01,2,4,8,0,0
SYNT.L,SYYYF,2024-06-01,2,4,8,0,0
SYNT.L,SYYYF,2024-05-01,2,4,8,0,0
DRX.L,DRXGF,2024-08-01,5,7,3,0,1
DRX.L,DRXGF,2024-07-01,5,8,2,0,1
DRX.L,DRXGF,2024-06-01,5,8,2,0,1
DRX.L,DRXGF,2024-05-01,5,8,2,0,1
CCS,CCS,2024-08-01,0,1,4,5,1
CCS,CCS,2024-07-01,0,1,4,5,1
CCS,CCS,2024-06-01,0,1,4,5,1
CCS,CCS,2024-05-01,0,1,3,5,2
9832.T,ATBSF,2021-12-01,0,0,3,3,1
9832.T,ATBSF,2021-11-01,0,0,3,3,1
9832.T,ATBSF,2021-10-01,0,0,3,3,1
9832.T,ATBSF,2021-09-01,0,0,3,3,1
3339.HK,LONKF,2024-08-01,1,0,4,5,2
3339.HK,LONKF,2024-07-01,1,0,4,5,2
3339.HK,LONKF,2024-06-01,1,0,4,5,2
3339.HK,LONKF,2024-05-01,1,0,4,5,2
IMAX,IMAX,2024-08-01,4,10,2,1,0
IMAX,IMAX,2024-07-01,4,9,2,1,0
IMAX,IMAX,2024-06-01,4,9,2,1,0
IMAX,IMAX,2024-06-01,4,9,2,1,0
EQB.TO,EQGPF,2024-08-01,1,10,2,1,0
EQB.TO,EQGPF,2024-07-01,1,10,2,1,0
EQB.TO,EQGPF,2024-06-01,1,10,2,1,0
EQB.TO,EQGPF,2024-05-01,1,9,2,1,0
MPCFF,MPCFF,2024-01-01,5,4,2,0,0
MPCFF,MPCFF,2023-12-01,5,4,2,0,0
MPCFF,MPCFF,2023-11-01,5,5,2,0,0
MPCFF,MPCFF,2023-10-01,5,4,2,0,0
EDR,EDR,2024-08-01,2,4,8,0,0
EDR,EDR,2024-07-01,2,4,8,0,0
EDR,EDR,2024-06-01,2,4,8,0,0
EDR,EDR,2024-05-01,3,5,7,0,0
PAR,PAR,2024-08-01,4,6,4,0,0
PAR,PAR,2024-07-01,4,6,4,0,0
PAR,PAR,2024-06-01,3,6,5,0,0
PAR,PAR,2024-05-01,3,5,6,0,0
3791.T,IGPTF,2024-08-01,2,2,1,0,0
3791.T,IGPTF,2024-07-01,2,2,1,0,0
3791.T,IGPTF,2024-06-01,2,2,1,0,0
3791.T,IGPTF,2024-05-01,2,2,1,0,0
LASR,LASR,2024-08-01,4,5,4,0,0
LASR,LASR,2024-07-01,4,5,4,0,0
LASR,LASR,2024-06-01,4,5,3,0,0
LASR,LASR,2024-05-01,4,5,3,0,0
AVT,AVT,2024-08-01,1,0,7,6,1
AVT,AVT,2024-07-01,1,0,7,6,1
AVT,AVT,2024-06-01,1,0,7,6,1
AVT,AVT,2024-05-01,1,0,7,6,1
SNPS,SNPS,2024-08-01,8,13,2,0,0
SNPS,SNPS,2024-07-01,8,14,2,0,0
SNPS,SNPS,2024-06-01,8,13,2,0,0
SNPS,SNPS,2024-05-01,8,14,1,0,0
A3M.MC,AIOSF,2024-08-01,4,4,7,1,0
A3M.MC,AIOSF,2024-07-01,4,4,7,1,0
A3M.MC,AIOSF,2024-06-01,4,6,5,1,0
A3M.MC,AIOSF,2024-05-01,4,6,5,1,0
ACIW,ACIW,2024-08-01,4,7,2,0,0
ACIW,ACIW,2024-07-01,4,7,2,0,0
ACIW,ACIW,2024-06-01,4,7,2,0,0
ACIW,ACIW,2024-05-01,4,7,2,0,0
SRBNK.OL,SBRKF,2024-08-01,5,7,3,0,0
SRBNK.OL,SBRKF,2024-07-01,5,7,3,0,0
SRBNK.OL,SBRKF,2024-06-01,5,7,3,0,0
SRBNK.OL,SBRKF,2024-05-01,5,8,3,0,0
GRAB,GRAB,2024-08-01,8,20,2,0,0
GRAB,GRAB,2024-07-01,8,20,2,0,0
GRAB,GRAB,2024-06-01,10,18,1,0,0
GRAB,GRAB,2024-05-01,10,17,1,0,0
RVSB,RVSB,2024-08-01,2,4,1,0,0
RVSB,RVSB,2024-07-01,2,4,1,0,0
RVSB,RVSB,2024-06-01,2,4,1,0,0
RVSB,RVSB,2024-05-01,2,4,1,0,0
BXB.AX,BMBLF,2024-08-01,1,11,4,1,2
BXB.AX,BMBLF,2024-07-01,1,11,4,1,2
BXB.AX,BMBLF,2024-06-01,1,10,5,1,2
BXB.AX,BMBLF,2024-05-01,1,10,5,1,2
HUSQ B.ST,HUQVF,2024-08-01,3,3,6,0,1
HUSQ B.ST,HUQVF,2024-07-01,4,3,5,0,1
HUSQ B.ST,HUQVF,2024-06-01,4,3,5,0,1
HUSQ B.ST,HUQVF,2024-05-01,4,3,5,0,1
GRDM.V,MSMGF,2024-08-01,1,4,1,0,0
GRDM.V,MSMGF,2024-07-01,1,3,1,0,0
GRDM.V,MSMGF,2024-06-01,1,3,1,0,0
GRDM.V,MSMGF,2024-05-01,1,3,1,0,0
BELFA,BELFA,2022-01-01,3,5,1,0,0
BELFA,BELFA,2021-12-01,3,5,1,0,0
BELFA,BELFA,2021-11-01,3,5,1,0,0
BELFA,BELFA,2021-10-01,3,5,1,0,0
NWN,NWN,2024-08-01,3,2,6,0,0
NWN,NWN,2024-07-01,3,2,6,0,0
NWN,NWN,2024-06-01,3,2,6,0,0
NWN,NWN,2024-05-01,3,2,6,0,0
AMTB,AMTB,2024-08-01,2,4,5,0,0
AMTB,AMTB,2024-07-01,3,4,4,0,0
AMTB,AMTB,2024-06-01,3,4,4,0,0
AMTB,AMTB,2024-05-01,3,4,4,0,0
BLCO,BLCO,2024-08-01,4,8,7,0,0
BLCO,BLCO,2024-07-01,4,7,7,0,0
BLCO,BLCO,2024-06-01,4,7,7,0,0
BLCO,BLCO,2024-05-01,4,6,8,0,0
CEI.V,CEIEF,2024-08-01,4,7,1,0,0
CEI.V,CEIEF,2024-07-01,4,7,1,0,0
CEI.V,CEIEF,2024-06-01,4,7,1,0,0
CEI.V,CEIEF,2024-05-01,4,7,1,0,0
VIG.VI,VNRGF,2024-08-01,4,3,1,0,0
VIG.VI,VNRGF,2024-07-01,4,3,1,0,0
VIG.VI,VNRGF,2024-06-01,4,3,1,0,0
VIG.VI,VNRGF,2024-05-01,4,3,1,0,0
FRPT,FRPT,2024-08-01,8,12,4,0,0
FRPT,FRPT,2024-07-01,8,12,4,0,0
FRPT,FRPT,2024-06-01,8,12,4,0,0
FRPT,FRPT,2024-05-01,8,10,5,0,0
ANIX,ANIX,2024-08-01,2,4,1,0,0
ANIX,ANIX,2024-07-01,2,4,1,0,0
ANIX,ANIX,2024-06-01,2,4,1,0,0
ANIX,ANIX,2024-05-01,2,4,1,0,0
VSAT,VSAT,2024-08-01,3,6,6,0,0
VSAT,VSAT,2024-07-01,3,6,6,0,0
VSAT,VSAT,2024-06-01,3,6,6,0,0
VSAT,VSAT,2024-05-01,3,6,6,0,0
VUZI,VUZI,2024-08-01,2,4,2,0,0
VUZI,VUZI,2024-07-01,2,4,2,0,0
VUZI,VUZI,2024-06-01,2,4,2,0,0
VUZI,VUZI,2024-05-01,2,4,2,0,0
BKSY,BKSY,2024-08-01,2,7,2,0,0
BKSY,BKSY,2024-07-01,2,7,2,0,0
BKSY,BKSY,2024-06-01,2,7,2,0,0
BKSY,BKSY,2024-05-01,2,7,2,0,0
WSO,WSO,2024-08-01,4,2,10,0,2
WSO,WSO,2024-07-01,4,2,10,0,2
WSO,WSO,2024-06-01,4,2,10,0,2
WSO,WSO,2024-05-01,4,2,10,1,1
PAY,PAY,2024-08-01,2,3,7,0,0
PAY,PAY,2024-07-01,0,0,10,4,1
PAY,PAY,2024-06-01,0,0,10,4,1
PAY,PAY,2024-05-01,0,0,10,4,1
CBSH,CBSH,2024-08-01,2,4,8,0,0
CBSH,CBSH,2024-07-01,2,4,8,0,0
CBSH,CBSH,2024-06-01,2,4,8,0,0
CBSH,CBSH,2024-05-01,2,4,8,0,0
TILT.NE,TLLTF,2024-08-01,2,4,2,0,0
TILT.NE,TLLTF,2024-07-01,2,4,2,0,0
TILT.NE,TLLTF,2024-06-01,2,4,2,0,0
TILT.NE,TLLTF,2024-05-01,2,4,2,0,0
GAM.SW,GMHLF,2024-08-01,0,0,3,3,1
GAM.SW,GMHLF,2024-07-01,0,0,3,3,1
GAM.SW,GMHLF,2024-06-01,0,0,3,3,1
GAM.SW,GMHLF,2024-05-01,0,0,3,3,1
NEO,NEO,2024-08-01,5,8,5,0,0
NEO,NEO,2024-07-01,5,8,4,0,0
NEO,NEO,2024-06-01,5,8,4,0,0
NEO,NEO,2024-05-01,5,8,4,0,0
WINE.L,NWINF,2024-08-01,3,2,2,0,0
WINE.L,NWINF,2024-07-01,3,2,2,0,0
WINE.L,NWINF,2024-06-01,3,2,2,0,0
WINE.L,NWINF,2024-05-01,3,2,2,0,0
BTE.TO,BTE,2024-08-01,2,8,4,0,0
BTE.TO,BTE,2024-07-01,2,8,4,0,0
BTE.TO,BTE,2024-06-01,2,9,4,0,0
BTE.TO,BTE,2024-05-01,2,9,4,0,0
PAX,PAX,2024-08-01,1,6,3,0,0
PAX,PAX,2024-07-01,1,6,3,0,0
PAX,PAX,2024-06-01,1,6,3,0,0
PAX,PAX,2024-05-01,1,6,3,0,0
RDWR,RDWR,2024-08-01,2,4,5,0,0
RDWR,RDWR,2024-07-01,2,4,4,0,0
RDWR,RDWR,2024-06-01,2,4,5,0,0
RDWR,RDWR,2024-05-01,2,4,5,0,0
ANEB,ANEB,2024-08-01,3,5,1,0,0
ANEB,ANEB,2024-07-01,3,5,1,0,0
ANEB,ANEB,2024-06-01,3,5,1,0,0
ANEB,ANEB,2024-05-01,3,5,1,0,0
DML.TO,DNN,2024-08-01,1,9,2,0,0
DML.TO,DNN,2024-07-01,1,8,2,0,0
DML.TO,DNN,2024-06-01,1,8,2,0,0
DML.TO,DNN,2024-05-01,1,8,2,0,0
WOR,WOR,2024-08-01,0,0,4,5,1
WOR,WOR,2024-07-01,0,0,4,5,1
WOR,WOR,2024-06-01,0,0,4,5,1
WOR,WOR,2024-05-01,0,0,4,5,1
SPC.V,SPCNF,2024-08-01,3,5,1,0,0
SPC.V,SPCNF,2024-07-01,3,5,1,0,0
SPC.V,SPCNF,2024-06-01,3,5,1,0,0
SPC.V,SPCNF,2024-05-01,3,6,1,0,0
CNSL,CNSL,2024-08-01,0,0,5,1,2
CNSL,CNSL,2024-07-01,0,0,5,1,2
CNSL,CNSL,2024-06-01,0,0,6,1,2
CNSL,CNSL,2024-05-01,0,0,6,1,2
1911.T,SMFRF,2024-08-01,1,7,2,0,0
1911.T,SMFRF,2024-07-01,1,6,3,0,0
1911.T,SMFRF,2024-06-01,1,6,3,0,0
1911.T,SMFRF,2024-05-01,1,6,3,0,0
4045.T,TOAGF,2024-08-01,1,3,1,0,0
4045.T,TOAGF,2024-07-01,1,3,1,0,0
4045.T,TOAGF,2024-06-01,1,3,1,0,0
4045.T,TOAGF,2024-05-01,1,3,1,0,0
MTG,MTG,2024-08-01,5,4,4,0,0
MTG,MTG,2024-07-01,5,4,4,0,0
MTG,MTG,2024-06-01,5,3,5,0,0
MTG,MTG,2024-05-01,5,3,5,0,0
SEZL,SEZL,2024-08-01,2,5,1,0,0
SEZL,SEZL,2024-07-01,2,4,1,0,0
SEZL,SEZL,2024-04-01,1,0,2,1,3
SEZL,SEZL,2024-03-01,1,0,2,1,3
ASO.AX,WMNNF,2024-08-01,1,3,1,0,0
ASO.AX,WMNNF,2024-07-01,1,3,1,0,0
ASO.AX,WMNNF,2024-06-01,1,3,1,0,0
ASO.AX,WMNNF,2024-05-01,1,3,1,0,0
INSM,INSM,2024-08-01,7,15,1,0,0
INSM,INSM,2024-07-01,7,15,1,0,0
INSM,INSM,2024-06-01,7,15,1,0,0
INSM,INSM,2024-05-01,7,15,1,0,0
267.HK,CTPCF,2024-08-01,2,4,2,1,0
267.HK,CTPCF,2024-07-01,2,4,2,1,0
267.HK,CTPCF,2024-06-01,2,4,2,1,0
267.HK,CTPCF,2024-05-01,2,3,3,1,0
GEST.MC,GMPUF,2024-08-01,5,9,6,0,0
GEST.MC,GMPUF,2024-07-01,5,9,6,0,0
GEST.MC,GMPUF,2024-06-01,5,9,6,0,0
GEST.MC,GMPUF,2024-05-01,5,9,6,0,0
CPG.L,CMPGF,2024-08-01,7,14,9,1,0
CPG.L,CMPGF,2024-07-01,7,14,9,1,0
CPG.L,CMPGF,2024-06-01,7,14,9,1,0
CPG.L,CMPGF,2024-05-01,6,14,9,1,0
INDU A.ST,IDDTF,2024-08-01,0,0,3,2,2
INDU A.ST,IDDTF,2024-07-01,0,0,3,2,2
INDU A.ST,IDDTF,2024-06-01,0,0,3,2,2
INDU A.ST,IDDTF,2024-05-01,0,0,3,2,2
LIVN,LIVN,2024-08-01,5,6,4,0,0
LIVN,LIVN,2024-07-01,5,6,4,0,0
LIVN,LIVN,2024-06-01,5,6,4,0,0
LIVN,LIVN,2024-05-01,5,6,4,0,0
SHEL.L,RYDAF,2024-08-01,5,12,7,0,0
SHEL.L,RYDAF,2024-07-01,5,12,7,0,0
SHEL.L,RYDAF,2024-06-01,5,12,7,0,0
SHEL.L,RYDAF,2024-05-01,5,12,7,0,0
TMG.V,TMGEF,2024-08-01,3,5,1,0,0
TMG.V,TMGEF,2024-07-01,3,5,1,0,0
TMG.V,TMGEF,2024-06-01,3,5,1,0,0
TMG.V,TMGEF,2024-05-01,3,5,1,0,0
EXO.AS,EXXRF,2024-08-01,3,5,3,0,0
EXO.AS,EXXRF,2024-07-01,3,5,3,0,0
EXO.AS,EXXRF,2024-06-01,3,6,3,0,0
EXO.AS,EXXRF,2024-05-01,3,6,3,0,0
IAG.L,BABWF,2024-08-01,8,10,7,0,0
IAG.L,BABWF,2024-07-01,8,11,6,0,0
IAG.L,BABWF,2024-06-01,8,12,5,0,0
IAG.L,BABWF,2024-05-01,8,12,5,0,0
HNL.DE,DRHNF,2024-08-01,2,3,1,0,0
HNL.DE,DRHNF,2024-07-01,2,3,1,0,0
HNL.DE,DRHNF,2024-06-01,2,3,1,0,0
HNL.DE,DRHNF,2024-05-01,2,3,1,0,0
KLIC,KLIC,2024-08-01,2,5,4,0,0
KLIC,KLIC,2024-07-01,2,5,4,0,0
KLIC,KLIC,2024-06-01,2,5,4,0,0
KLIC,KLIC,2024-05-01,2,5,4,0,0
FATE,FATE,2024-08-01,5,6,12,1,0
FATE,FATE,2024-07-01,5,6,12,1,0
FATE,FATE,2024-06-01,5,6,14,1,0
FATE,FATE,2024-05-01,5,6,14,1,0
300759.SZ,PHBBF,2024-08-01,7,11,3,3,0
300759.SZ,PHBBF,2024-07-01,8,11,3,3,0
300759.SZ,PHBBF,2024-06-01,9,11,3,3,0
300759.SZ,PHBBF,2024-05-01,10,11,3,3,0
ADVM,ADVM,2024-08-01,4,8,2,0,0
ADVM,ADVM,2024-07-01,4,8,2,0,0
ADVM,ADVM,2024-06-01,3,8,2,0,0
ADVM,ADVM,2024-05-01,3,8,2,0,0
3360.T,SHHPF,2024-08-01,1,5,2,0,0
3360.T,SHHPF,2024-07-01,1,5,2,0,0
3360.T,SHHPF,2024-06-01,1,5,2,0,0
3360.T,SHHPF,2024-05-01,1,5,2,0,0
CLMT,CLMT,2024-08-01,2,6,3,0,0
CLMT,CLMT,2024-07-01,2,7,3,0,0
CLMT,CLMT,2024-06-01,3,7,3,0,0
CLMT,CLMT,2024-05-01,3,7,3,0,0
710.HK,VARXF,2024-08-01,4,6,2,0,0
710.HK,VARXF,2024-07-01,4,6,2,0,0
710.HK,VARXF,2024-06-01,5,5,2,0,0
710.HK,VARXF,2024-05-01,5,5,2,0,0
WEN,WEN,2024-08-01,4,5,22,2,0
WEN,WEN,2024-07-01,4,5,22,2,0
WEN,WEN,2024-06-01,4,5,22,1,0
WEN,WEN,2024-05-01,4,5,22,1,0
CR,CR,2024-08-01,5,9,2,0,0
CR,CR,2024-07-01,5,9,2,0,0
CR,CR,2024-06-01,5,9,2,0,0
CR,CR,2024-05-01,5,9,2,0,0
ANAB,ANAB,2024-08-01,6,6,4,0,0
ANAB,ANAB,2024-07-01,6,6,4,0,0
ANAB,ANAB,2024-06-01,6,6,4,0,0
ANAB,ANAB,2024-05-01,6,6,4,0,0
SOWG,SOWG,2024-08-01,2,5,1,0,0
SOWG,SOWG,2024-07-01,2,5,1,0,0
SOWG,SOWG,2024-06-01,2,5,1,0,0
RMV.L,RTMVF,2024-08-01,7,11,2,5,2
RMV.L,RTMVF,2024-07-01,7,11,2,5,2
RMV.L,RTMVF,2024-06-01,5,12,3,4,2
RMV.L,RTMVF,2024-05-01,6,11,3,4,2
IVT.JO,IVCHF,2021-12-01,0,0,2,4,1
IVT.JO,IVCHF,2021-11-01,0,0,2,4,1
IVT.JO,IVCHF,2021-10-01,0,0,2,4,1
IVT.JO,IVCHF,2021-09-01,0,0,2,4,1
CVGW,CVGW,2024-08-01,2,5,2,0,0
CVGW,CVGW,2024-07-01,2,5,2,0,0
CVGW,CVGW,2024-06-01,2,5,3,0,0
CVGW,CVGW,2024-05-01,2,5,3,0,0
CEN.NZ,COENF,2024-08-01,2,5,2,0,0
CEN.NZ,COENF,2024-07-01,2,6,1,0,0
CEN.NZ,COENF,2024-06-01,2,6,1,0,0
CEN.NZ,COENF,2024-05-01,2,6,1,0,0
PRPH,PRPH,2024-08-01,2,4,1,0,0
PRPH,PRPH,2024-07-01,2,4,1,0,0
PRPH,PRPH,2024-06-01,2,4,1,0,0
PRPH,PRPH,2024-05-01,2,4,1,0,0
BBAJIOO.MX,BBAJF,2024-08-01,5,5,9,0,0
BBAJIOO.MX,BBAJF,2024-07-01,5,5,9,0,0
BBAJIOO.MX,BBAJF,2024-06-01,5,5,9,0,0
BBAJIOO.MX,BBAJF,2024-05-01,5,5,9,0,0
RBZHF,RBZHF,2021-12-01,3,5,1,0,0
RBZHF,RBZHF,2021-11-01,3,6,1,0,0
RBZHF,RBZHF,2021-10-01,3,6,1,0,0
RBZHF,RBZHF,2021-09-01,3,6,1,0,0
IAG.TO,IAFNF,2024-08-01,1,9,2,0,0
IAG.TO,IAFNF,2024-07-01,1,9,2,0,0
IAG.TO,IAFNF,2024-06-01,1,9,2,0,0
IAG.TO,IAFNF,2024-05-01,1,7,3,0,0
MAREL.IC,MRRLF,2024-08-01,4,5,1,0,0
MAREL.IC,MRRLF,2024-07-01,4,5,1,0,0
MAREL.IC,MRRLF,2024-06-01,4,5,1,0,0
MAREL.IC,MRRLF,2024-05-01,4,5,1,0,0
VSEC,VSEC,2024-08-01,4,7,1,0,0
VSEC,VSEC,2024-07-01,4,7,1,0,0
VSEC,VSEC,2024-06-01,3,7,1,0,0
VSEC,VSEC,2024-05-01,3,6,1,0,0
1716.T,DAIHF,2021-12-01,1,3,1,0,0
1716.T,DAIHF,2021-11-01,1,4,1,0,0
1716.T,DAIHF,2021-10-01,1,4,1,0,0
1716.T,DAIHF,2021-09-01,1,4,1,0,0
RTLL.LU,RGLXF,2024-08-01,3,3,3,0,0
RTLL.LU,RGLXF,2024-07-01,3,3,3,0,0
RTLL.LU,RGLXF,2024-06-01,3,3,3,0,0
RTLL.LU,RGLXF,2024-05-01,3,3,3,0,0
IMP.JO,IMPUF,2024-08-01,2,5,5,1,0
IMP.JO,IMPUF,2024-07-01,2,5,5,1,0
IMP.JO,IMPUF,2024-06-01,2,5,5,1,0
IMP.JO,IMPUF,2024-05-01,2,5,5,1,0
IMPP,IMPP,2024-08-01,2,4,1,0,0
IMPP,IMPP,2024-07-01,2,4,1,0,0
IMPP,IMPP,2024-06-01,2,4,1,0,0
IMPP,IMPP,2024-05-01,2,4,1,0,0
2780.T,KMHYF,2024-08-01,1,3,1,0,0
2780.T,KMHYF,2024-07-01,1,3,1,0,0
2780.T,KMHYF,2024-06-01,1,3,1,0,0
2780.T,KMHYF,2024-05-01,1,3,1,0,0
FIE.DE,FLMNF,2024-08-01,4,6,3,0,0
FIE.DE,FLMNF,2024-07-01,4,6,3,0,0
FIE.DE,FLMNF,2024-06-01,4,6,3,0,0
FIE.DE,FLMNF,2024-05-01,4,5,3,0,0
ROVI.MC,LABFF,2024-08-01,4,5,5,0,1
ROVI.MC,LABFF,2024-07-01,4,4,6,0,1
ROVI.MC,LABFF,2024-06-01,4,4,6,0,1
ROVI.MC,LABFF,2024-05-01,4,5,5,0,1
NEWS.CN,REGRF,2022-06-01,0,0,3,4,2
NEWS.CN,REGRF,2022-05-01,0,0,3,4,2
NEWS.CN,REGRF,2022-04-01,0,0,3,4,2
NEWS.CN,REGRF,2022-03-01,0,0,3,4,2
PHAR.L,SOCLF,2024-08-01,2,2,2,0,0
PHAR.L,SOCLF,2024-07-01,2,2,2,0,0
PHAR.L,SOCLF,2024-06-01,2,3,2,0,0
PHAR.L,SOCLF,2024-05-01,2,3,2,0,0
RAVE,RAVE,2021-12-01,0,0,3,1,2
RAVE,RAVE,2021-11-01,0,0,3,1,2
NTGR,NTGR,2024-08-01,2,4,2,0,0
NTGR,NTGR,2024-07-01,2,4,2,0,0
NTGR,NTGR,2024-06-01,2,4,3,0,0
NTGR,NTGR,2024-05-01,2,5,2,0,0
MLBI.JK,PBGDF,2024-08-01,2,4,1,0,0
MLBI.JK,PBGDF,2024-07-01,2,4,1,0,0
MLBI.JK,PBGDF,2024-06-01,2,4,1,0,0
MLBI.JK,PBGDF,2024-05-01,2,4,1,0,0
CANB,CANB,2023-04-01,2,4,1,0,0
CANB,CANB,2023-03-01,2,4,1,0,0
CANB,CANB,2023-02-01,2,4,1,0,0
CANB,CANB,2023-01-01,2,4,1,0,0
8544.T,KEIBF,2021-12-01,1,3,1,0,0
8544.T,KEIBF,2021-11-01,1,3,1,0,0
8544.T,KEIBF,2021-10-01,1,3,1,0,0
8544.T,KEIBF,2021-09-01,1,3,1,0,0
LUM.V,LMGDF,2024-08-01,3,7,1,0,0
LUM.V,LMGDF,2024-07-01,3,7,1,0,0
LUM.V,LMGDF,2024-06-01,3,7,1,0,0
LUM.V,LMGDF,2024-05-01,3,6,1,0,0
NGEX.TO,NGXXF,2024-08-01,3,8,1,0,0
NGEX.TO,NGXXF,2024-07-01,3,8,1,0,0
NGEX.TO,NGXXF,2024-06-01,3,7,1,0,0
NGEX.TO,NGXXF,2024-05-01,2,7,1,0,0
9605.T,TOEIF,2024-08-01,2,3,2,0,0
9605.T,TOEIF,2024-07-01,2,3,2,0,0
9605.T,TOEIF,2024-06-01,2,3,2,0,0
9605.T,TOEIF,2024-05-01,2,3,2,0,0
AKE.PA,ARKAF,2024-08-01,5,10,7,0,0
AKE.PA,ARKAF,2024-07-01,5,10,6,1,0
AKE.PA,ARKAF,2024-06-01,5,9,6,1,0
AKE.PA,ARKAF,2024-05-01,5,9,6,1,0
PUR.V,PAUIF,2024-08-01,3,5,1,0,0
PUR.V,PAUIF,2024-07-01,3,5,1,0,0
PUR.V,PAUIF,2024-06-01,3,5,1,0,0
PUR.V,PAUIF,2024-05-01,3,5,1,0,0
5186.T,NTTAF,2024-08-01,0,0,3,3,1
5186.T,NTTAF,2024-07-01,0,0,3,3,1
5186.T,NTTAF,2024-06-01,0,0,3,3,1
5186.T,NTTAF,2024-05-01,0,0,3,3,1
SPB.TO,SUUIF,2024-08-01,1,10,4,0,0
SPB.TO,SUUIF,2024-07-01,1,11,3,0,0
SPB.TO,SUUIF,2024-06-01,1,11,3,0,0
SPB.TO,SUUIF,2024-05-01,1,11,3,0,0
2400.HK,XDNCF,2024-08-01,7,7,1,1,0
2400.HK,XDNCF,2024-07-01,7,7,2,0,0
2400.HK,XDNCF,2024-06-01,7,8,2,0,0
2400.HK,XDNCF,2024-05-01,7,8,2,0,0
API.CN,APAAF,2023-02-01,0,0,3,3,1
API.CN,APAAF,2023-01-01,0,0,3,3,1
API.CN,APAAF,2022-12-01,0,0,3,3,1
API.CN,APAAF,2022-11-01,0,0,3,3,1
ARCH.V,ACHFF,2024-08-01,0,0,3,3,1
ARCH.V,ACHFF,2024-07-01,0,0,3,3,1
ARCH.V,ACHFF,2024-06-01,0,0,3,3,1
ARCH.V,ACHFF,2024-05-01,0,0,3,3,1
GL,GL,2024-08-01,4,8,6,0,0
GL,GL,2024-07-01,4,8,5,1,0
GL,GL,2024-06-01,4,8,5,1,0
GL,GL,2024-05-01,4,8,5,1,0
REM.JO,RMGOF,2024-08-01,1,0,3,3,2
REM.JO,RMGOF,2024-07-01,1,0,3,3,2
REM.JO,RMGOF,2024-06-01,1,0,3,3,2
REM.JO,RMGOF,2024-05-01,1,0,3,3,2
5411.T,JFEEF,2024-08-01,3,9,5,0,0
5411.T,JFEEF,2024-07-01,3,9,5,0,0
5411.T,JFEEF,2024-06-01,3,9,5,0,0
5411.T,JFEEF,2024-05-01,2,9,6,0,0
HOFT,HOFT,2023-12-01,3,3,1,0,0
HOFT,HOFT,2023-11-01,3,3,1,0,0
HOFT,HOFT,2023-10-01,3,3,1,0,0
HOFT,HOFT,2023-09-01,3,3,1,0,0
5302.T,NCRBF,2024-08-01,0,0,3,3,1
5302.T,NCRBF,2024-07-01,0,0,3,3,1
5302.T,NCRBF,2024-06-01,0,0,3,3,1
5302.T,NCRBF,2024-05-01,0,0,3,3,1
EMO.V,EMOTF,2024-04-01,4,4,1,0,0
EMO.V,EMOTF,2024-03-01,4,4,1,0,0
EMO.V,EMOTF,2024-02-01,4,4,1,0,0
EMO.V,EMOTF,2024-01-01,4,4,1,0,0
BAMI.MI,BNCZF,2024-08-01,4,8,7,2,0
BAMI.MI,BNCZF,2024-07-01,6,7,7,2,0
BAMI.MI,BNCZF,2024-06-01,6,8,6,2,0
BAMI.MI,BNCZF,2024-05-01,6,8,6,2,0
SWAN.V,BSWGF,2024-08-01,2,2,1,0,0
SWAN.V,BSWGF,2024-07-01,2,2,1,0,0
SWAN.V,BSWGF,2024-06-01,2,2,1,0,0
SWAN.V,BSWGF,2024-05-01,2,2,1,0,0
PNN.L,PEGRF,2024-08-01,4,8,8,0,0
PNN.L,PEGRF,2024-07-01,4,8,8,0,0
PNN.L,PEGRF,2024-06-01,4,8,8,0,0
PNN.L,PEGRF,2024-05-01,4,8,8,0,0
NAH.L,NHLPF,2021-12-01,0,0,2,2,4
NAH.L,NHLPF,2021-11-01,0,0,2,2,4
NAH.L,NHLPF,2021-10-01,0,0,2,2,4
NAH.L,NHLPF,2021-09-01,0,0,2,2,4
SVI.TO,SVAUF,2024-08-01,1,8,3,0,0
SVI.TO,SVAUF,2024-07-01,1,7,4,0,0
SVI.TO,SVAUF,2024-06-01,1,7,4,0,0
SVI.TO,SVAUF,2024-05-01,1,7,4,0,0
GSIT,GSIT,2022-11-01,0,0,3,1,2
GSIT,GSIT,2022-10-01,0,0,3,1,2
GSIT,GSIT,2022-09-01,0,0,3,1,2
GSIT,GSIT,2022-08-01,0,0,3,1,2
CARE,CARE,2024-08-01,3,4,1,0,0
CARE,CARE,2024-07-01,3,4,2,0,0
CARE,CARE,2024-06-01,3,4,2,0,0
CARE,CARE,2024-05-01,3,4,2,0,0
ABG.JO,AGRPF,2024-08-01,3,6,3,1,0
ABG.JO,AGRPF,2024-07-01,3,6,3,1,0
ABG.JO,AGRPF,2024-06-01,4,7,1,1,0
ABG.JO,AGRPF,2024-05-01,4,7,1,1,0
IDWM,IDWM,2023-10-01,2,4,1,0,0
IDWM,IDWM,2023-09-01,2,4,1,0,0
IDWM,IDWM,2023-08-01,2,4,1,0,0
IDWM,IDWM,2023-07-01,2,4,1,0,0
SNDL,SNDL,2024-08-01,2,5,1,0,0
SNDL,SNDL,2024-07-01,2,5,1,0,0
SNDL,SNDL,2024-06-01,2,5,1,0,0
SNDL,SNDL,2024-05-01,2,5,1,0,0
601688.SS,HUATF,2024-08-01,7,13,2,0,0
601688.SS,HUATF,2024-07-01,8,12,2,0,0
601688.SS,HUATF,2024-06-01,9,11,2,0,0
601688.SS,HUATF,2024-05-01,9,13,2,0,0
7011.T,MHVYF,2024-08-01,4,11,4,0,0
7011.T,MHVYF,2024-07-01,4,11,3,0,0
7011.T,MHVYF,2024-06-01,4,11,3,0,0
7011.T,MHVYF,2024-05-01,5,10,3,0,0
AAL,AAL,2024-08-01,3,6,14,2,0
AAL,AAL,2024-07-01,4,7,12,2,0
AAL,AAL,2024-06-01,4,7,11,2,0
AAL,AAL,2024-05-01,5,7,9,2,0
PKBO,PKBO,2023-10-01,3,3,1,0,0
PKBO,PKBO,2023-09-01,3,3,1,0,0
PKBO,PKBO,2023-08-01,3,3,1,0,0
PKBO,PKBO,2023-07-01,3,3,1,0,0
SEVCF,SEVCF,2024-03-01,3,5,1,0,0
SEVCF,SEVCF,2024-02-01,3,5,1,0,0
SEVCF,SEVCF,2024-01-01,3,5,1,0,0
SEVCF,SEVCF,2023-12-01,3,5,1,0,0
SGHC,SGHC,2024-08-01,2,5,3,0,0
SGHC,SGHC,2024-07-01,2,5,3,0,0
SGHC,SGHC,2024-06-01,2,5,3,0,0
SGHC,SGHC,2024-05-01,2,5,3,0,0
RAIL.CN,RLAIF,2024-08-01,2,4,1,0,0
GSVR.V,GSVRF,2024-08-01,1,4,1,0,0
GSVR.V,GSVRF,2024-07-01,1,4,1,0,0
GSVR.V,GSVRF,2024-06-01,1,3,1,0,0
GSVR.V,GSVRF,2024-05-01,1,3,1,0,0
CRBP,CRBP,2024-08-01,5,6,1,0,0
CRBP,CRBP,2024-07-01,4,5,1,0,0
CRBP,CRBP,2024-06-01,4,4,1,0,0
CRBP,CRBP,2024-05-01,4,3,1,0,0
MLP.V,MLPNF,2024-08-01,3,5,1,0,0
MLP.V,MLPNF,2024-07-01,3,5,1,0,0
MLP.V,MLPNF,2024-06-01,3,5,1,0,0
MLP.V,MLPNF,2024-05-01,3,5,1,0,0
8750.T,DCNSF,2024-08-01,4,7,4,1,0
8750.T,DCNSF,2024-07-01,4,7,4,1,0
8750.T,DCNSF,2024-06-01,4,7,4,1,0
8750.T,DCNSF,2024-05-01,4,7,5,1,0
7267.T,HNDAF,2024-08-01,6,11,7,1,0
7267.T,HNDAF,2024-07-01,6,11,7,1,0
7267.T,HNDAF,2024-06-01,6,12,7,1,0
7267.T,HNDAF,2024-05-01,6,12,7,1,0
ZIM,ZIM,2024-08-01,2,0,4,6,2
ZIM,ZIM,2024-07-01,1,0,4,6,3
ZIM,ZIM,2024-06-01,1,0,5,6,2
ZIM,ZIM,2024-05-01,1,0,6,6,2
CWB.TO,CBWBF,2024-08-01,2,7,4,0,0
CWB.TO,CBWBF,2024-07-01,2,7,4,0,0
CWB.TO,CBWBF,2024-06-01,2,10,3,0,0
CWB.TO,CBWBF,2024-05-01,2,10,3,0,0
6376.T,NKKSF,2024-08-01,1,3,2,0,0
6376.T,NKKSF,2024-07-01,1,3,2,0,0
6376.T,NKKSF,2024-06-01,1,3,2,0,0
6376.T,NKKSF,2024-05-01,1,3,2,0,0
HA,HA,2024-08-01,3,5,5,0,0
HA,HA,2024-07-01,3,5,5,0,0
HA,HA,2024-06-01,3,5,5,0,0
HA,HA,2024-05-01,3,5,5,0,0
HSW.L,HSWLF,2024-08-01,5,9,1,0,0
HSW.L,HSWLF,2024-07-01,5,9,1,0,0
HSW.L,HSWLF,2024-06-01,5,10,1,0,0
HSW.L,HSWLF,2024-05-01,6,9,1,0,0
HBM.TO,HBM,2024-08-01,4,14,2,0,0
HBM.TO,HBM,2024-07-01,4,14,2,0,0
HBM.TO,HBM,2024-06-01,4,14,2,0,0
HBM.TO,HBM,2024-05-01,4,13,2,0,0
6339.T,SILDF,2022-06-01,1,3,1,0,0
6339.T,SILDF,2022-05-01,1,3,1,0,0
6339.T,SILDF,2022-04-01,1,3,1,0,0
6339.T,SILDF,2022-03-01,1,3,1,0,0
FFNW,FFNW,2024-08-01,3,3,3,0,0
FFNW,FFNW,2024-07-01,3,4,2,0,0
FFNW,FFNW,2024-06-01,3,4,2,0,0
FFNW,FFNW,2024-05-01,3,4,2,0,0
ZURA,ZURA,2024-08-01,6,6,1,0,0
ZURA,ZURA,2024-07-01,6,6,1,0,0
ZURA,ZURA,2024-06-01,6,5,1,0,0
ZURA,ZURA,2024-05-01,6,4,1,0,0
ISO.V,ISENF,2024-08-01,4,9,1,0,0
ISO.V,ISENF,2024-07-01,4,9,1,0,0
ISO.V,ISENF,2024-06-01,4,8,1,0,0
ISO.V,ISENF,2024-05-01,4,8,1,0,0
PAN.AX,PANRF,2024-08-01,1,3,1,0,0
PAN.AX,PANRF,2024-07-01,1,3,1,0,0
PAN.AX,PANRF,2024-06-01,1,3,1,0,0
PAN.AX,PANRF,2024-05-01,1,3,1,0,0
EMKR,EMKR,2024-08-01,0,0,5,1,2
EMKR,EMKR,2024-07-01,0,0,5,1,2
EMKR,EMKR,2024-06-01,0,0,5,1,2
EMKR,EMKR,2024-05-01,2,6,1,0,0
GT,GT,2024-08-01,5,7,7,0,0
GT,GT,2024-07-01,5,6,7,0,0
GT,GT,2024-06-01,5,7,6,0,0
GT,GT,2024-05-01,5,7,6,0,0
5802.T,SMTOF,2024-08-01,3,7,5,0,0
5802.T,SMTOF,2024-07-01,3,7,5,0,0
5802.T,SMTOF,2024-06-01,3,7,5,0,0
5802.T,SMTOF,2024-05-01,3,7,5,0,0
TSHA,TSHA,2024-08-01,4,12,1,0,0
TSHA,TSHA,2024-07-01,4,12,1,0,0
TSHA,TSHA,2024-06-01,4,11,1,0,0
TSHA,TSHA,2024-05-01,3,11,2,0,0
KROS,KROS,2024-08-01,8,8,1,0,0
KROS,KROS,2024-07-01,8,8,1,0,0
KROS,KROS,2024-06-01,7,8,1,0,0
KROS,KROS,2024-05-01,7,8,1,0,0
BORR.OL,BORR,2024-08-01,5,6,2,0,0
BORR.OL,BORR,2024-07-01,5,6,2,0,0
BORR.OL,BORR,2024-06-01,5,6,2,0,0
BORR.OL,BORR,2024-05-01,5,7,1,0,0
ML.PA,MGDDF,2024-08-01,7,11,7,3,0
ML.PA,MGDDF,2024-07-01,6,11,7,3,1
ML.PA,MGDDF,2024-06-01,5,11,7,3,1
ML.PA,MGDDF,2024-05-01,5,11,7,3,1
HEIM.KL,GUANF,2024-08-01,6,7,2,0,0
HEIM.KL,GUANF,2024-07-01,6,7,2,0,0
HEIM.KL,GUANF,2024-06-01,6,7,2,0,0
HEIM.KL,GUANF,2024-05-01,6,8,2,0,0
MTX,MTX,2024-08-01,2,5,1,0,0
MTX,MTX,2024-07-01,2,5,1,0,0
MTX,MTX,2024-06-01,2,5,1,0,0
MTX,MTX,2024-05-01,2,5,1,0,0
CNU.NZ,CHRUF,2024-08-01,0,1,4,5,1
CNU.NZ,CHRUF,2024-07-01,0,1,4,5,1
CNU.NZ,CHRUF,2024-06-01,0,1,4,5,1
CNU.NZ,CHRUF,2024-05-01,0,1,4,5,1
U77.SI,SILLF,2024-08-01,0,0,2,4,1
U77.SI,SILLF,2024-07-01,0,0,2,4,1
U77.SI,SILLF,2024-06-01,0,0,2,4,1
U77.SI,SILLF,2024-05-01,0,0,2,4,1
HI.V,HDRSF,2024-08-01,2,5,1,0,0
HI.V,HDRSF,2024-07-01,2,5,1,0,0
HI.V,HDRSF,2024-06-01,2,5,1,0,0
HI.V,HDRSF,2024-05-01,2,4,1,0,0
PKOH,PKOH,2024-08-01,0,0,3,1,2
PKOH,PKOH,2024-07-01,0,0,3,1,2
PKOH,PKOH,2024-06-01,0,0,3,1,2
PKOH,PKOH,2024-05-01,0,0,3,1,2
BOW,BOW,2024-08-01,1,4,5,0,0
BOW,BOW,2024-07-01,1,4,5,0,0
ATEC,ATEC,2024-08-01,4,13,1,0,0
ATEC,ATEC,2024-07-01,4,12,1,0,0
ATEC,ATEC,2024-06-01,4,12,1,0,0
ATEC,ATEC,2024-05-01,4,12,1,0,0
MDG1.DE,MDGEF,2024-08-01,3,4,1,0,0
MDG1.DE,MDGEF,2024-07-01,3,4,1,0,0
MDG1.DE,MDGEF,2024-06-01,3,4,1,0,0
MDG1.DE,MDGEF,2024-05-01,3,4,1,0,0
CPK,CPK,2024-08-01,5,4,4,0,0
CPK,CPK,2024-07-01,5,4,4,0,0
CPK,CPK,2024-06-01,5,4,4,0,0
CPK,CPK,2024-05-01,5,4,3,0,0
TFW.L,THFWF,2021-12-01,4,4,1,0,0
TFW.L,THFWF,2021-11-01,4,4,1,0,0
TFW.L,THFWF,2021-10-01,4,4,1,0,0
TFW.L,THFWF,2021-09-01,4,4,1,0,0
LOG.MC,CDNIF,2024-08-01,5,7,2,0,0
LOG.MC,CDNIF,2024-07-01,5,8,1,0,0
LOG.MC,CDNIF,2024-06-01,5,8,1,0,0
LOG.MC,CDNIF,2024-05-01,5,8,1,0,0
INTR,INTR,2024-08-01,4,8,3,1,0
INTR,INTR,2024-07-01,4,8,3,1,0
INTR,INTR,2024-06-01,3,7,3,1,0
INTR,INTR,2024-05-01,3,6,4,1,0
RWC.AX,RLLWF,2024-08-01,3,14,3,0,0
RWC.AX,RLLWF,2024-07-01,3,14,3,0,0
RWC.AX,RLLWF,2024-06-01,4,14,2,0,0
RWC.AX,RLLWF,2024-05-01,4,14,2,0,0
GS,GS,2024-08-01,7,16,8,0,0
GS,GS,2024-07-01,7,17,8,0,0
GS,GS,2024-06-01,7,17,8,0,0
GS,GS,2024-05-01,7,17,8,0,0
3681.T,VCCBF,2023-10-01,0,0,3,3,1
3681.T,VCCBF,2023-09-01,0,0,3,3,1
3681.T,VCCBF,2023-08-01,0,0,3,3,1
3681.T,VCCBF,2023-07-01,0,0,3,3,1
PEB.NZ,PFGTF,2024-08-01,0,0,5,3,1
PEB.NZ,PFGTF,2024-07-01,0,0,5,3,1
PEB.NZ,PFGTF,2024-06-01,0,0,5,3,1
PEB.NZ,PFGTF,2024-05-01,0,0,5,3,1
BRDSQ,BRDSQ,2023-11-01,0,0,3,2,3
BRDSQ,BRDSQ,2023-10-01,0,0,3,2,3
BRDSQ,BRDSQ,2023-09-01,0,0,3,2,3
BRDSQ,BRDSQ,2023-08-01,0,0,3,2,3
SPL.WA,BKZHF,2024-08-01,2,1,5,5,3
SPL.WA,BKZHF,2024-07-01,2,1,4,6,3
SPL.WA,BKZHF,2024-06-01,2,1,4,6,3
SPL.WA,BKZHF,2024-05-01,2,1,5,6,2
INFN,INFN,2024-08-01,2,5,9,1,0
INFN,INFN,2024-07-01,2,6,7,1,0
INFN,INFN,2024-06-01,3,7,5,1,0
INFN,INFN,2024-05-01,3,7,5,1,0
FRBK,FRBK,2024-08-01,0,0,3,1,2
FRBK,FRBK,2024-07-01,0,0,3,1,2
FRBK,FRBK,2024-06-01,0,0,3,1,2
FRBK,FRBK,2024-05-01,0,0,3,1,2
VMI,VMI,2024-08-01,3,5,3,0,0
VMI,VMI,2024-07-01,3,4,3,0,0
VMI,VMI,2024-06-01,3,4,3,0,0
VMI,VMI,2024-05-01,3,4,3,0,0
EVH,EVH,2024-08-01,7,10,2,0,0
EVH,EVH,2024-07-01,7,10,2,0,0
EVH,EVH,2024-06-01,7,10,2,0,0
EVH,EVH,2024-05-01,7,10,2,0,0
148.HK,KBDCF,2024-08-01,2,2,1,0,0
148.HK,KBDCF,2024-07-01,2,2,1,0,0
148.HK,KBDCF,2024-06-01,3,2,1,0,0
148.HK,KBDCF,2024-05-01,3,2,1,0,0
MMB.PA,LGDDF,2024-08-01,2,3,3,0,0
MMB.PA,LGDDF,2024-07-01,3,3,4,0,0
MMB.PA,LGDDF,2024-06-01,3,3,4,0,0
MMB.PA,LGDDF,2024-05-01,3,3,4,0,0
LUNG,LUNG,2024-08-01,4,6,2,0,0
LUNG,LUNG,2024-07-01,4,6,2,0,0
LUNG,LUNG,2024-06-01,4,5,2,0,0
LUNG,LUNG,2024-05-01,4,5,2,0,0
ADS.OL,ADCUF,2022-10-01,0,0,3,3,1
ADS.OL,ADCUF,2022-09-01,0,0,3,3,1
ADS.OL,ADCUF,2022-08-01,0,0,3,3,1
ADS.OL,ADCUF,2022-07-01,0,0,3,3,1
TVE.TO,TNEYF,2024-08-01,2,10,3,0,0
TVE.TO,TNEYF,2024-07-01,2,10,3,0,0
TVE.TO,TNEYF,2024-06-01,2,11,3,0,0
TVE.TO,TNEYF,2024-05-01,2,11,3,0,0
KPRX,KPRX,2024-08-01,3,5,1,0,0
KPRX,KPRX,2024-07-01,3,5,1,0,0
KPRX,KPRX,2024-06-01,3,5,1,0,0
KPRX,KPRX,2024-05-01,3,4,1,0,0
AGY.L,AGYTF,2023-08-01,3,5,2,0,0
AGY.L,AGYTF,2023-07-01,3,5,2,0,0
AGY.L,AGYTF,2023-06-01,3,5,2,0,0
AGY.L,AGYTF,2023-05-01,3,5,2,0,0
EVFM,EVFM,2024-08-01,0,0,3,1,2
EVFM,EVFM,2024-07-01,0,0,3,1,2
EVFM,EVFM,2024-06-01,0,0,3,1,2
EVFM,EVFM,2024-05-01,0,0,3,1,2
VZIO,VZIO,2024-08-01,0,0,13,1,2
VZIO,VZIO,2024-07-01,0,0,13,1,2
VZIO,VZIO,2024-06-01,0,0,13,1,2
VZIO,VZIO,2024-05-01,0,0,13,1,2
SKL.NZ,SKLMF,2024-08-01,1,5,1,0,0
SKL.NZ,SKLMF,2024-07-01,1,5,1,0,0
SKL.NZ,SKLMF,2024-06-01,1,4,2,0,0
SKL.NZ,SKLMF,2024-05-01,1,4,2,0,0
IOSP,IOSP,2024-08-01,2,5,2,0,0
IOSP,IOSP,2024-07-01,2,5,2,0,0
IOSP,IOSP,2024-06-01,2,5,2,0,0
IOSP,IOSP,2024-05-01,2,5,2,0,0
CGY.TO,CLNFF,2024-08-01,1,9,1,0,0
CGY.TO,CLNFF,2024-07-01,1,9,1,0,0
CGY.TO,CLNFF,2024-06-01,1,9,1,0,0
CGY.TO,CLNFF,2024-05-01,1,10,1,0,0
BAW.JO,BRRAF,2024-08-01,1,3,7,0,0
BAW.JO,BRRAF,2024-07-01,1,3,7,0,0
BAW.JO,BRRAF,2024-06-01,1,3,7,0,0
BAW.JO,BRRAF,2024-05-01,1,4,5,0,0
SIGHT.PA,GSGTF,2024-08-01,0,0,4,2,3
SIGHT.PA,GSGTF,2024-07-01,0,0,3,2,3
SIGHT.PA,GSGTF,2024-06-01,0,0,3,2,3
SIGHT.PA,GSGTF,2024-05-01,0,0,3,2,3
WS,WS,2024-08-01,3,5,2,0,0
WS,WS,2024-07-01,3,5,2,0,0
WS,WS,2024-06-01,3,5,2,0,0
WS,WS,2024-05-01,3,5,2,0,0
BLD,BLD,2024-08-01,3,9,4,0,0
BLD,BLD,2024-07-01,3,9,4,0,0
BLD,BLD,2024-06-01,3,9,4,0,0
BLD,BLD,2024-05-01,3,9,4,0,0
NEXA,NEXA,2024-08-01,0,0,6,4,2
NEXA,NEXA,2024-07-01,0,0,5,5,2
NEXA,NEXA,2024-06-01,0,0,5,5,2
NEXA,NEXA,2024-05-01,0,0,7,4,2
SWKS,SWKS,2024-08-01,4,9,21,1,1
SWKS,SWKS,2024-07-01,4,9,22,1,1
SWKS,SWKS,2024-06-01,4,8,23,1,1
SWKS,SWKS,2024-05-01,5,11,19,1,1
MRC,MRC,2024-08-01,3,4,2,0,0
MRC,MRC,2024-07-01,3,4,2,0,0
MRC,MRC,2024-06-01,3,4,2,0,0
MRC,MRC,2024-05-01,4,4,2,0,0
1359.HK,CCGDF,2024-08-01,0,0,5,4,2
1359.HK,CCGDF,2024-07-01,0,0,5,4,2
1359.HK,CCGDF,2024-06-01,0,0,5,4,2
1359.HK,CCGDF,2024-05-01,0,0,5,4,2
LICY,LICY,2024-08-01,0,0,6,1,2
LICY,LICY,2024-07-01,0,0,6,1,2
LICY,LICY,2024-06-01,0,0,6,1,2
LICY,LICY,2024-05-01,0,0,6,1,2
TAL.TO,PTALF,2024-08-01,2,2,1,0,0
TAL.TO,PTALF,2024-07-01,2,2,1,0,0
TAL.TO,PTALF,2024-06-01,2,3,1,0,0
TAL.TO,PTALF,2024-05-01,2,3,1,0,0
BFIT.AS,BSFFF,2024-08-01,5,7,4,0,0
BFIT.AS,BSFFF,2024-07-01,5,8,3,0,0
BFIT.AS,BSFFF,2024-06-01,5,8,3,0,0
BFIT.AS,BSFFF,2024-05-01,5,7,3,0,0
CPAY,CPAY,2024-08-01,7,11,6,0,1
CPAY,CPAY,2024-07-01,7,11,6,0,1
CPAY,CPAY,2024-06-01,7,11,5,0,1
CPAY,CPAY,2024-05-01,7,11,6,0,0
REBN,REBN,2024-07-01,2,4,1,0,0
REBN,REBN,2024-06-01,2,4,1,0,0
REBN,REBN,2024-05-01,2,4,1,0,0
REBN,REBN,2024-04-01,2,4,1,0,0
RWAY,RWAY,2024-08-01,2,4,9,0,0
RWAY,RWAY,2024-07-01,2,5,9,0,0
RWAY,RWAY,2024-06-01,2,5,8,0,0
RWAY,RWAY,2024-05-01,3,5,7,0,0
CRL,CRL,2024-08-01,5,8,11,0,0
CRL,CRL,2024-07-01,5,8,11,0,0
CRL,CRL,2024-06-01,6,7,8,0,0
CRL,CRL,2024-05-01,6,7,8,0,0
LIFCO B.ST,LFABF,2024-08-01,2,4,3,0,0
LIFCO B.ST,LFABF,2024-07-01,2,4,3,0,0
LIFCO B.ST,LFABF,2024-06-01,2,4,3,0,0
LIFCO B.ST,LFABF,2024-05-01,2,4,3,0,0
SCAN.V,LDDFF,2021-12-01,1,3,1,0,0
SCAN.V,LDDFF,2021-11-01,1,3,1,0,0
SCAN.V,LDDFF,2021-10-01,1,3,1,0,0
SCAN.V,LDDFF,2021-09-01,1,3,1,0,0
TGS.OL,TGSNF,2024-08-01,3,5,4,0,0
TGS.OL,TGSNF,2024-07-01,4,3,4,0,0
TGS.OL,TGSNF,2024-06-01,4,3,4,0,0
TGS.OL,TGSNF,2024-05-01,4,3,4,0,0
5481.T,SYPLF,2024-08-01,1,4,1,0,0
5481.T,SYPLF,2024-07-01,1,4,1,0,0
5481.T,SYPLF,2024-06-01,1,4,1,0,0
5481.T,SYPLF,2024-05-01,1,3,2,0,0
LCNB,LCNB,2024-08-01,0,0,3,1,2
LCNB,LCNB,2024-07-01,0,0,3,1,2
LCNB,LCNB,2024-06-01,0,0,3,1,2
LCNB,LCNB,2024-05-01,0,0,3,1,2
RVMD,RVMD,2024-08-01,10,10,1,0,0
RVMD,RVMD,2024-07-01,9,9,1,0,0
RVMD,RVMD,2024-06-01,9,9,1,0,0
RVMD,RVMD,2024-05-01,9,9,1,0,0
APA,APA,2024-08-01,5,9,16,5,0
APA,APA,2024-07-01,4,10,15,5,0
APA,APA,2024-06-01,5,10,15,4,0
APA,APA,2024-05-01,5,10,14,4,0
8111.T,GWNCF,2024-08-01,4,5,2,0,0
8111.T,GWNCF,2024-07-01,4,5,2,0,0
8111.T,GWNCF,2024-06-01,4,6,2,0,0
8111.T,GWNCF,2024-05-01,3,6,2,0,0
CMCX.L,CCMMF,2024-08-01,1,1,3,5,2
CMCX.L,CCMMF,2024-07-01,1,1,3,5,2
CMCX.L,CCMMF,2024-06-01,1,1,3,5,2
CMCX.L,CCMMF,2024-05-01,1,1,4,4,2
TCS,TCS,2024-08-01,0,0,3,5,1
TCS,TCS,2024-07-01,0,0,3,5,1
TCS,TCS,2024-06-01,0,0,3,5,1
TCS,TCS,2024-05-01,0,0,3,5,1
NWL,NWL,2024-08-01,1,3,13,0,0
NWL,NWL,2024-07-01,1,3,13,0,0
NWL,NWL,2024-06-01,1,3,13,0,0
NWL,NWL,2024-05-01,0,1,13,5,1
GWO.TO,GWLIF,2024-08-01,2,2,9,0,0
GWO.TO,GWLIF,2024-07-01,2,2,9,0,0
GWO.TO,GWLIF,2024-06-01,2,2,9,0,0
GWO.TO,GWLIF,2024-05-01,2,2,8,0,0
6622.T,DAIPF,2024-08-01,2,6,1,0,0
6622.T,DAIPF,2024-07-01,2,6,1,0,0
6622.T,DAIPF,2024-06-01,2,6,1,0,0
6622.T,DAIPF,2024-05-01,2,6,1,0,0
CTC.A.TO,CDNTF,2024-08-01,3,7,7,1,1
CTC.A.TO,CDNTF,2024-07-01,3,7,7,1,1
CTC.A.TO,CDNTF,2024-06-01,3,7,7,1,0
CTC.A.TO,CDNTF,2024-05-01,3,8,6,2,0
QBTS,QBTS,2024-08-01,2,10,1,0,0
QBTS,QBTS,2024-07-01,2,9,1,0,0
QBTS,QBTS,2024-06-01,2,9,1,0,0
QBTS,QBTS,2024-05-01,2,9,1,0,0
6178.T,JPHLF,2024-08-01,3,4,6,1,0
6178.T,JPHLF,2024-07-01,4,4,6,0,0
6178.T,JPHLF,2024-06-01,4,4,6,0,0
6178.T,JPHLF,2024-05-01,4,4,6,0,0
7224.T,SHMWF,2024-08-01,2,2,1,0,0
7224.T,SHMWF,2024-07-01,2,2,1,0,0
7224.T,SHMWF,2024-06-01,2,2,1,0,0
7224.T,SHMWF,2024-05-01,2,2,1,0,0
6750.T,ELCMF,2024-08-01,2,5,3,0,0
6750.T,ELCMF,2024-07-01,2,5,3,0,0
6750.T,ELCMF,2024-06-01,2,5,4,0,0
6750.T,ELCMF,2024-05-01,2,5,4,0,0
4887.T,SWGHF,2024-08-01,4,5,2,1,1
4887.T,SWGHF,2024-07-01,4,4,2,1,1
4887.T,SWGHF,2024-06-01,4,4,2,1,1
4887.T,SWGHF,2024-05-01,5,4,2,1,1
LQR,LQR,2024-08-01,1,4,1,0,0
LQR,LQR,2024-07-01,1,4,1,0,0
LQR,LQR,2024-06-01,1,4,1,0,0
LQR,LQR,2024-05-01,1,4,1,0,0
CEG,CEG,2024-08-01,4,9,6,0,0
CEG,CEG,2024-07-01,3,9,6,0,0
CEG,CEG,2024-06-01,3,9,6,0,0
CEG,CEG,2024-05-01,3,8,6,0,0
2356.HK,DHSBF,2024-08-01,2,4,2,0,0
2356.HK,DHSBF,2024-07-01,2,4,2,0,0
2356.HK,DHSBF,2024-06-01,2,4,2,0,0
2356.HK,DHSBF,2024-05-01,2,4,2,0,0
7189.T,NHHPF,2024-08-01,1,3,2,0,0
7189.T,NHHPF,2024-07-01,1,3,2,0,0
7189.T,NHHPF,2024-06-01,1,3,2,0,0
7189.T,NHHPF,2024-05-01,1,3,2,0,0
PGHN.SW,PGPHF,2024-08-01,4,8,9,1,1
PGHN.SW,PGPHF,2024-07-01,4,9,8,1,1
PGHN.SW,PGPHF,2024-06-01,4,10,7,1,1
PGHN.SW,PGPHF,2024-05-01,4,10,7,1,1
3635.T,TKHCF,2024-08-01,2,4,6,2,0
3635.T,TKHCF,2024-07-01,2,4,7,1,0
3635.T,TKHCF,2024-06-01,3,4,5,1,0
3635.T,TKHCF,2024-05-01,3,5,4,1,0
MIMOQ,MIMOQ,2024-01-01,0,0,3,2,3
MIMOQ,MIMOQ,2023-12-01,0,0,3,2,3
MIMOQ,MIMOQ,2023-11-01,0,0,3,2,3
MIMOQ,MIMOQ,2023-10-01,0,0,3,2,3
AUSS.OL,ASTVF,2024-08-01,4,5,2,0,0
AUSS.OL,ASTVF,2024-07-01,4,5,2,0,0
AUSS.OL,ASTVF,2024-06-01,4,5,2,0,0
AUSS.OL,ASTVF,2024-05-01,4,5,2,0,0
OLED,OLED,2024-08-01,4,9,4,0,0
OLED,OLED,2024-07-01,4,9,4,0,0
OLED,OLED,2024-06-01,4,9,4,0,0
OLED,OLED,2024-05-01,4,9,4,0,0
FBNC,FBNC,2024-08-01,3,4,2,0,0
FBNC,FBNC,2024-07-01,3,5,2,0,0
FBNC,FBNC,2024-06-01,3,5,2,0,0
FBNC,FBNC,2024-05-01,3,5,2,0,0
ETR,ETR,2024-08-01,5,10,7,1,0
ETR,ETR,2024-07-01,5,10,7,1,0
ETR,ETR,2024-06-01,6,11,6,1,0
ETR,ETR,2024-05-01,6,12,5,1,0
SNG.L,SYGGF,2024-08-01,0,0,3,2,3
SNG.L,SYGGF,2024-07-01,0,0,3,2,3
SNG.L,SYGGF,2024-06-01,0,0,3,2,3
SNG.L,SYGGF,2024-05-01,4,4,1,0,0
DLPN,DLPN,2024-08-01,2,4,1,0,0
DLPN,DLPN,2024-07-01,2,4,1,0,0
DLPN,DLPN,2024-06-01,2,4,1,0,0
DLPN,DLPN,2024-05-01,2,4,1,0,0
FULC,FULC,2024-08-01,5,8,1,1,0
FULC,FULC,2024-07-01,5,8,1,1,0
FULC,FULC,2024-06-01,5,8,1,1,0
FULC,FULC,2024-05-01,5,6,2,1,0
9755.T,OYOCF,2023-10-01,1,3,1,0,0
9755.T,OYOCF,2023-09-01,1,3,1,0,0
9755.T,OYOCF,2023-08-01,1,3,1,0,0
9755.T,OYOCF,2023-07-01,1,3,1,0,0
GAU.TO,GAU,2024-08-01,1,4,1,0,0
GAU.TO,GAU,2024-07-01,1,4,1,0,0
GAU.TO,GAU,2024-06-01,1,4,1,0,0
GAU.TO,GAU,2024-05-01,1,4,1,0,0
JXN,JXN,2024-08-01,0,0,6,4,1
JXN,JXN,2024-07-01,0,0,6,4,1
JXN,JXN,2024-06-01,0,0,6,4,1
JXN,JXN,2024-05-01,1,3,4,0,0
ODL.OL,ODFJF,2024-08-01,3,6,1,0,0
ODL.OL,ODFJF,2024-07-01,3,6,1,0,0
ODL.OL,ODFJF,2024-06-01,3,5,1,0,0
ODL.OL,ODFJF,2024-05-01,3,5,1,0,0
OKE,OKE,2024-08-01,4,9,11,0,0
OKE,OKE,2024-07-01,4,9,11,0,0
OKE,OKE,2024-06-01,4,9,11,0,0
OKE,OKE,2024-05-01,5,9,11,0,0
BYSI,BYSI,2024-06-01,3,3,1,0,0
BYSI,BYSI,2024-05-01,3,3,1,0,0
BYSI,BYSI,2024-04-01,3,3,1,0,0
BYSI,BYSI,2024-03-01,3,3,1,0,0
HUM,HUM,2024-08-01,6,9,14,1,0
HUM,HUM,2024-07-01,6,10,15,0,0
HUM,HUM,2024-06-01,6,9,14,0,0
HUM,HUM,2024-05-01,6,8,13,0,0
LTG.PM,LTGIF,2024-08-01,1,0,2,4,1
LTG.PM,LTGIF,2024-07-01,1,0,2,4,1
LTG.PM,LTGIF,2024-06-01,1,0,2,3,2
LTG.PM,LTGIF,2024-05-01,1,0,2,3,2
BIMBOA.MX,GRBMF,2024-08-01,0,3,8,6,1
BIMBOA.MX,GRBMF,2024-07-01,0,2,10,5,1
BIMBOA.MX,GRBMF,2024-06-01,0,2,11,4,1
BIMBOA.MX,GRBMF,2024-05-01,0,2,11,4,1
3433.T,TOCLF,2024-08-01,2,2,1,0,0
3433.T,TOCLF,2024-07-01,2,2,1,0,0
3433.T,TOCLF,2024-06-01,2,2,1,0,0
3433.T,TOCLF,2024-05-01,2,2,1,0,0
NLSP,NLSP,2024-08-01,0,0,3,1,2
NLSP,NLSP,2024-07-01,0,0,3,1,2
NLSP,NLSP,2024-06-01,0,0,3,1,2
NLSP,NLSP,2024-05-01,0,0,3,1,2
AGRX,AGRX,2024-07-01,0,0,3,1,2
AGRX,AGRX,2024-06-01,0,0,3,1,2
AGRX,AGRX,2024-05-01,0,0,3,1,2
AGRX,AGRX,2024-04-01,2,4,1,0,0
SAV.L,SAVNF,2024-08-01,4,6,1,0,0
SAV.L,SAVNF,2024-07-01,3,6,1,0,0
SAV.L,SAVNF,2024-06-01,3,6,1,0,0
SAV.L,SAVNF,2024-05-01,3,5,1,0,0
ES,ES,2024-08-01,7,10,12,0,0
ES,ES,2024-07-01,7,10,12,0,0
ES,ES,2024-06-01,7,11,10,1,0
ES,ES,2024-05-01,7,11,10,1,0
NVNI,NVNI,2024-08-01,2,4,1,0,0
NVNI,NVNI,2024-07-01,2,4,1,0,0
NVNI,NVNI,2024-06-01,2,4,1,0,0
NVNI,NVNI,2024-05-01,2,4,1,0,0
8012.T,NGSCF,2024-08-01,2,3,1,0,0
8012.T,NGSCF,2024-07-01,2,3,1,0,0
8012.T,NGSCF,2024-06-01,2,3,1,0,0
8012.T,NGSCF,2024-05-01,2,3,1,0,0
MBQ.DE,MBTXF,2024-08-01,0,0,3,3,1
MBQ.DE,MBTXF,2024-07-01,0,0,3,3,1
MBQ.DE,MBTXF,2024-06-01,0,0,3,3,1
MBQ.DE,MBTXF,2024-05-01,0,0,3,3,1
CTNM,CTNM,2024-08-01,3,5,1,0,0
CTNM,CTNM,2024-07-01,3,5,1,0,0
CTNM,CTNM,2024-06-01,3,5,1,0,0
CTNM,CTNM,2024-05-01,3,3,1,0,0
AGFB.BR,AFGVF,2024-08-01,2,5,2,0,1
AGFB.BR,AFGVF,2024-07-01,2,5,2,0,0
AGFB.BR,AFGVF,2024-06-01,2,5,2,0,0
AGFB.BR,AFGVF,2024-05-01,3,4,3,0,0
KIDS,KIDS,2024-08-01,4,6,3,0,0
KIDS,KIDS,2024-07-01,4,6,3,0,0
KIDS,KIDS,2024-06-01,4,6,3,0,0
KIDS,KIDS,2024-05-01,4,6,3,0,0
9787.T,ANDGF,2024-08-01,0,0,3,3,1
9787.T,ANDGF,2024-07-01,0,0,3,3,1
9787.T,ANDGF,2024-06-01,0,0,3,3,1
9787.T,ANDGF,2024-05-01,0,0,4,3,1
VNA.DE,VNNVF,2024-08-01,9,12,4,2,2
VNA.DE,VNNVF,2024-07-01,9,12,4,2,2
VNA.DE,VNNVF,2024-06-01,9,12,5,1,2
VNA.DE,VNNVF,2024-05-01,9,12,5,1,2
DTL.AX,DTATF,2024-08-01,1,5,6,2,0
DTL.AX,DTATF,2024-07-01,1,6,6,2,0
DTL.AX,DTATF,2024-06-01,1,6,6,2,0
DTL.AX,DTATF,2024-05-01,1,5,7,2,0
AXL,AXL,2024-08-01,1,4,7,1,0
AXL,AXL,2024-07-01,1,4,7,1,0
AXL,AXL,2024-06-01,1,4,8,1,0
AXL,AXL,2024-05-01,1,4,8,1,0
ARKO,ARKO,2024-08-01,4,5,3,0,0
ARKO,ARKO,2024-07-01,4,5,3,0,0
ARKO,ARKO,2024-06-01,4,5,3,0,0
ARKO,ARKO,2024-05-01,4,5,3,0,0
SSTI,SSTI,2024-08-01,2,9,3,0,0
SSTI,SSTI,2024-07-01,2,9,3,0,0
SSTI,SSTI,2024-06-01,2,9,3,0,0
SSTI,SSTI,2024-05-01,3,9,2,0,0
GENC,GENC,2022-07-01,3,3,1,0,0
GENC,GENC,2022-06-01,3,3,1,0,0
GENC,GENC,2022-05-01,3,3,1,0,0
GENC,GENC,2022-04-01,3,3,1,0,0
VIBE.CN,VIBEF,2023-03-01,2,4,1,0,0
VIBE.CN,VIBEF,2023-02-01,2,4,1,0,0
VIBE.CN,VIBEF,2023-01-01,2,4,1,0,0
VIBE.CN,VIBEF,2022-12-01,2,4,1,0,0
VIV.H.V,VIVXF,2023-07-01,2,4,1,0,0
VIV.H.V,VIVXF,2023-06-01,2,4,1,0,0
VIV.H.V,VIVXF,2023-05-01,2,4,1,0,0
VIV.H.V,VIVXF,2023-04-01,2,4,1,0,0
MME.AX,MNYMF,2024-08-01,1,3,1,0,0
MME.AX,MNYMF,2024-07-01,1,3,1,0,0
MME.AX,MNYMF,2024-06-01,1,3,1,0,0
MME.AX,MNYMF,2024-05-01,1,3,1,0,0
BFSA.DE,BFSAF,2024-08-01,5,9,4,0,0
BFSA.DE,BFSAF,2024-07-01,5,9,4,0,0
BFSA.DE,BFSAF,2024-06-01,5,9,4,0,0
BFSA.DE,BFSAF,2024-05-01,5,9,4,0,0
ORY.MC,ORYZF,2024-08-01,4,5,1,0,0
ORY.MC,ORYZF,2024-07-01,4,5,1,0,0
ORY.MC,ORYZF,2024-06-01,4,5,1,0,0
ORY.MC,ORYZF,2024-05-01,4,5,1,0,0
IDN,IDN,2024-08-01,1,4,3,0,0
IDN,IDN,2024-07-01,1,4,3,0,0
IDN,IDN,2024-06-01,1,4,3,0,0
IDN,IDN,2024-05-01,1,4,3,0,0
GROY,GROY,2024-08-01,2,9,1,0,0
GROY,GROY,2024-07-01,2,9,1,0,0
GROY,GROY,2024-06-01,2,7,2,0,0
GROY,GROY,2024-05-01,2,8,3,0,0
TGEN,TGEN,2024-06-01,2,4,1,0,0
TGEN,TGEN,2024-05-01,2,4,1,0,0
TGEN,TGEN,2024-04-01,2,4,1,0,0
TGEN,TGEN,2024-03-01,2,4,1,0,0
CHG.L,CMGMF,2024-08-01,5,7,1,1,0
CHG.L,CMGMF,2024-07-01,5,7,1,1,0
CHG.L,CMGMF,2024-06-01,5,7,1,1,0
CHG.L,CMGMF,2024-05-01,5,6,1,1,0
GTCAP.PM,GTHOF,2024-08-01,5,7,2,0,0
GTCAP.PM,GTHOF,2024-07-01,5,8,2,0,0
GTCAP.PM,GTHOF,2024-06-01,5,8,2,0,0
GTCAP.PM,GTHOF,2024-05-01,4,8,2,0,0
MCK,MCK,2024-08-01,7,11,5,0,0
MCK,MCK,2024-07-01,7,11,5,0,0
MCK,MCK,2024-06-01,7,12,4,0,0
MCK,MCK,2024-05-01,7,11,5,0,0
6525.T,KOKSF,2024-08-01,3,5,4,1,0
6525.T,KOKSF,2024-07-01,3,6,4,1,0
6525.T,KOKSF,2024-06-01,2,6,5,1,0
6525.T,KOKSF,2024-05-01,2,5,6,1,0
KXS.TO,KXSCF,2024-08-01,2,11,3,0,0
KXS.TO,KXSCF,2024-07-01,2,11,3,0,0
KXS.TO,KXSCF,2024-06-01,2,12,2,0,0
KXS.TO,KXSCF,2024-05-01,2,11,2,0,0
752.HK,PCOFF,2021-12-01,1,3,1,0,0
752.HK,PCOFF,2021-11-01,1,3,1,0,0
752.HK,PCOFF,2021-10-01,1,3,1,0,0
752.HK,PCOFF,2021-09-01,1,3,1,0,0
600690.SS,QIHCF,2024-08-01,13,17,2,0,0
600690.SS,QIHCF,2024-07-01,14,16,2,0,0
600690.SS,QIHCF,2024-06-01,16,15,2,0,0
600690.SS,QIHCF,2024-05-01,16,15,4,0,0
LW,LW,2024-08-01,5,10,5,0,0
LW,LW,2024-07-01,7,11,2,0,0
LW,LW,2024-06-01,7,12,2,0,0
LW,LW,2024-05-01,8,12,1,0,0
VC,VC,2024-08-01,7,9,8,0,0
VC,VC,2024-07-01,8,9,7,0,0
VC,VC,2024-06-01,8,10,7,0,0
VC,VC,2024-05-01,8,10,7,0,0
SATS,SATS,2024-08-01,3,5,6,0,0
SATS,SATS,2024-07-01,3,5,6,0,0
SATS,SATS,2024-06-01,3,5,6,0,0
SATS,SATS,2024-05-01,3,5,6,0,0
SRPT,SRPT,2024-08-01,9,15,4,0,0
SRPT,SRPT,2024-07-01,11,13,5,0,0
SRPT,SRPT,2024-06-01,12,13,4,0,0
SRPT,SRPT,2024-05-01,11,13,5,0,0
PIRC.MI,PLLIF,2024-08-01,6,9,9,0,0
PIRC.MI,PLLIF,2024-07-01,6,8,10,0,0
PIRC.MI,PLLIF,2024-06-01,6,8,8,0,0
PIRC.MI,PLLIF,2024-05-01,6,8,9,0,0
VEE.AX,VEEMF,2024-08-01,1,4,1,0,0
VEE.AX,VEEMF,2024-07-01,1,4,1,0,0
VEE.AX,VEEMF,2024-06-01,1,4,1,0,0
VEE.AX,VEEMF,2024-05-01,1,4,1,0,0
BURL,BURL,2024-08-01,8,13,6,0,0
BURL,BURL,2024-07-01,8,13,6,0,0
BURL,BURL,2024-06-01,8,13,6,0,0
BURL,BURL,2024-05-01,8,13,5,1,0
KGS,KGS,2024-08-01,4,6,3,0,0
KGS,KGS,2024-07-01,4,6,2,0,0
KGS,KGS,2024-06-01,4,6,2,0,0
KGS,KGS,2024-05-01,4,6,2,0,0
601107.SS,SEXHF,2024-06-01,1,3,1,0,0
601107.SS,SEXHF,2024-05-01,1,3,1,0,0
601107.SS,SEXHF,2024-04-01,1,3,1,0,0
601107.SS,SEXHF,2024-03-01,1,3,1,0,0
QNCX,QNCX,2024-04-01,0,0,3,1,2
QNCX,QNCX,2024-03-01,0,0,3,1,2
QNCX,QNCX,2024-02-01,0,0,3,1,2
QNCX,QNCX,2024-01-01,0,0,3,1,2
HONE,HONE,2024-08-01,3,3,4,0,0
HONE,HONE,2024-07-01,3,3,4,0,0
HONE,HONE,2024-06-01,3,3,4,0,0
HONE,HONE,2024-05-01,3,3,4,0,0
000660.KS,HXSCF,2024-08-01,15,26,3,0,0
000660.KS,HXSCF,2024-07-01,15,26,3,0,0
000660.KS,HXSCF,2024-06-01,15,25,3,0,0
000660.KS,HXSCF,2024-05-01,15,25,3,0,0
MRU.TO,MTRAF,2024-08-01,2,3,8,0,0
MRU.TO,MTRAF,2024-07-01,2,2,9,0,0
MRU.TO,MTRAF,2024-06-01,2,2,9,0,0
MRU.TO,MTRAF,2024-05-01,2,2,10,0,0
ALATA.PA,PONGF,2022-12-01,3,5,1,0,0
ALATA.PA,PONGF,2022-11-01,3,5,1,0,0
ALATA.PA,PONGF,2022-10-01,3,5,1,0,0
ALATA.PA,PONGF,2022-09-01,3,5,1,0,0
AEF.MI,AEFSF,2024-08-01,0,0,3,3,1
AEF.MI,AEFSF,2024-07-01,0,0,3,3,1
AEF.MI,AEFSF,2024-06-01,0,0,3,3,1
AEF.MI,AEFSF,2024-05-01,0,0,3,3,1
9842.T,ACSKF,2024-08-01,0,0,3,3,1
9842.T,ACSKF,2024-07-01,0,0,3,3,1
9842.T,ACSKF,2024-06-01,0,0,3,3,1
9842.T,ACSKF,2024-05-01,0,0,3,3,1
DNB,DNB,2024-08-01,4,5,5,0,0
DNB,DNB,2024-07-01,4,5,5,0,0
DNB,DNB,2024-06-01,4,5,5,0,0
DNB,DNB,2024-05-01,4,5,5,0,0
ENQ.L,ENQUF,2024-08-01,3,6,3,0,0
ENQ.L,ENQUF,2024-07-01,3,6,3,0,0
ENQ.L,ENQUF,2024-06-01,3,6,3,0,0
ENQ.L,ENQUF,2024-05-01,3,6,3,0,0
FNF,FNF,2024-08-01,3,3,5,0,0
FNF,FNF,2024-07-01,3,3,5,0,0
FNF,FNF,2024-06-01,3,3,5,0,0
FNF,FNF,2024-05-01,3,3,6,0,0
VSTO,VSTO,2024-08-01,3,5,3,0,0
VSTO,VSTO,2024-07-01,4,5,2,0,0
VSTO,VSTO,2024-06-01,4,6,2,0,0
VSTO,VSTO,2024-05-01,4,7,1,0,0
522.HK,ASMVF,2024-08-01,6,15,3,0,0
522.HK,ASMVF,2024-07-01,5,16,2,0,0
522.HK,ASMVF,2024-06-01,5,16,2,0,0
522.HK,ASMVF,2024-05-01,5,16,3,0,0
563.HK,SIUDF,2021-12-01,1,3,1,0,0
563.HK,SIUDF,2021-11-01,1,3,1,0,0
563.HK,SIUDF,2021-10-01,1,3,1,0,0
563.HK,SIUDF,2021-09-01,1,3,1,0,0
SNOW,SNOW,2024-08-01,9,27,12,2,0
SNOW,SNOW,2024-07-01,9,27,12,2,0
SNOW,SNOW,2024-06-01,9,29,11,2,0
SNOW,SNOW,2024-05-01,9,27,14,2,0
PEA.TO,PTOAF,2024-08-01,1,3,1,0,0
PEA.TO,PTOAF,2024-07-01,1,3,1,0,0
PEA.TO,PTOAF,2024-06-01,1,3,1,0,0
PEA.TO,PTOAF,2024-05-01,1,3,1,0,0
3328.T,BNNNF,2024-08-01,2,2,1,0,0
3328.T,BNNNF,2024-07-01,2,2,1,0,0
3328.T,BNNNF,2024-06-01,2,2,1,0,0
3328.T,BNNNF,2024-05-01,2,2,1,0,0
BNGO,BNGO,2024-08-01,4,4,2,0,0
BNGO,BNGO,2024-07-01,4,4,2,0,0
BNGO,BNGO,2024-06-01,4,4,2,0,0
BNGO,BNGO,2024-05-01,4,4,2,0,0
WLF.V,WLFFF,2024-08-01,3,5,1,0,0
WLF.V,WLFFF,2024-07-01,3,5,1,0,0
WLF.V,WLFFF,2024-06-01,3,5,1,0,0
WLF.V,WLFFF,2024-05-01,3,5,1,0,0
ENR.DE,SMEGF,2024-08-01,6,10,7,1,1
ENR.DE,SMEGF,2024-07-01,6,10,8,1,1
ENR.DE,SMEGF,2024-06-01,5,11,8,1,1
ENR.DE,SMEGF,2024-05-01,4,11,9,1,1
2815.T,AKEJF,2024-08-01,1,4,2,0,0
2815.T,AKEJF,2024-07-01,1,4,2,0,0
2815.T,AKEJF,2024-06-01,1,4,2,0,0
2815.T,AKEJF,2024-05-01,1,4,2,0,0
CCO,CCO,2024-08-01,2,4,3,1,0
CCO,CCO,2024-07-01,2,4,3,1,0
CCO,CCO,2024-06-01,2,4,3,1,0
CCO,CCO,2024-05-01,2,4,3,1,0
LND.L,LNDLF,2024-07-01,4,4,1,0,0
LND.L,LNDLF,2024-06-01,4,4,1,0,0
LND.L,LNDLF,2024-05-01,4,4,1,0,0
LND.L,LNDLF,2024-04-01,4,4,1,0,0
ORPHA.CO,OZYMF,2023-06-01,3,5,1,0,0
ORPHA.CO,OZYMF,2023-05-01,3,5,1,0,0
ORPHA.CO,OZYMF,2023-04-01,3,5,1,0,0
ORPHA.CO,OZYMF,2023-03-01,3,5,1,0,0
COGT,COGT,2024-08-01,6,8,3,0,0
COGT,COGT,2024-07-01,6,8,3,0,0
COGT,COGT,2024-06-01,6,8,3,0,0
COGT,COGT,2024-05-01,6,8,3,0,0
EG,EG,2024-08-01,7,7,7,0,0
EG,EG,2024-07-01,7,7,7,0,0
EG,EG,2024-06-01,7,7,7,0,0
EG,EG,2024-05-01,7,7,7,0,0
9551.T,MTWTF,2024-08-01,1,4,3,0,0
9551.T,MTWTF,2024-07-01,1,5,2,0,0
9551.T,MTWTF,2024-06-01,1,5,2,0,0
9551.T,MTWTF,2024-05-01,1,6,2,0,0
WEED.TO,CGC,2024-08-01,0,1,10,7,2
WEED.TO,CGC,2024-07-01,0,1,10,8,2
WEED.TO,CGC,2024-06-01,0,1,9,8,2
WEED.TO,CGC,2024-05-01,0,1,9,8,2
AGRI,AGRI,2023-11-01,2,4,1,0,0
AGRI,AGRI,2023-10-01,2,4,1,0,0
AGRI,AGRI,2023-09-01,2,4,1,0,0
AGRI,AGRI,2023-08-01,2,4,1,0,0
AI.PA,AIQUF,2024-08-01,11,12,9,0,2
AI.PA,AIQUF,2024-07-01,11,14,7,0,2
AI.PA,AIQUF,2024-06-01,11,14,7,0,2
AI.PA,AIQUF,2024-05-01,11,14,7,0,2
VYX,VYX,2024-08-01,5,5,4,0,0
VYX,VYX,2024-07-01,5,5,4,0,0
VYX,VYX,2024-06-01,4,5,4,0,0
VYX,VYX,2024-05-01,4,5,4,0,0
ARQT,ARQT,2024-08-01,3,7,3,0,0
ARQT,ARQT,2024-07-01,3,7,3,0,0
ARQT,ARQT,2024-06-01,3,7,3,0,0
ARQT,ARQT,2024-05-01,3,7,3,0,0
VMAR,VMAR,2024-08-01,2,5,1,0,0
VMAR,VMAR,2024-07-01,2,5,1,0,0
VMAR,VMAR,2024-06-01,2,5,1,0,0
VMAR,VMAR,2024-05-01,2,5,1,0,0
RAIL3.SA,RUMOF,2024-08-01,5,13,2,0,0
RAIL3.SA,RUMOF,2024-07-01,5,13,2,0,0
RAIL3.SA,RUMOF,2024-06-01,5,12,3,0,0
RAIL3.SA,RUMOF,2024-05-01,5,12,3,0,0
GND.JO,GRDLF,2021-12-01,1,3,1,0,0
GND.JO,GRDLF,2021-11-01,1,3,1,0,0
GND.JO,GRDLF,2021-10-01,1,3,1,0,0
GND.JO,GRDLF,2021-09-01,1,3,1,0,0
980.HK,LHUAF,2022-12-01,1,3,1,0,0
980.HK,LHUAF,2022-11-01,1,3,1,0,0
980.HK,LHUAF,2022-10-01,1,3,1,0,0
980.HK,LHUAF,2022-09-01,1,3,1,0,0
ENVX,ENVX,2024-08-01,5,12,2,0,0
ENVX,ENVX,2024-07-01,5,11,2,0,0
ENVX,ENVX,2024-06-01,5,12,2,0,0
ENVX,ENVX,2024-05-01,5,12,2,0,0
2354.TW,FXCOF,2024-08-01,0,0,2,6,2
2354.TW,FXCOF,2024-07-01,0,0,2,6,2
2354.TW,FXCOF,2024-06-01,0,0,2,6,2
2354.TW,FXCOF,2024-05-01,0,0,2,5,2
NAS.OL,NWARF,2024-08-01,2,6,3,0,0
NAS.OL,NWARF,2024-07-01,2,7,2,0,0
NAS.OL,NWARF,2024-06-01,2,7,2,0,0
NAS.OL,NWARF,2024-05-01,2,7,2,0,0
BHB,BHB,2024-08-01,0,0,3,4,1
BHB,BHB,2024-07-01,1,3,2,0,0
BHB,BHB,2024-06-01,1,3,2,0,0
BHB,BHB,2024-05-01,1,3,2,0,0
7282.T,TGOSF,2024-08-01,2,7,4,0,0
7282.T,TGOSF,2024-07-01,2,7,4,0,0
7282.T,TGOSF,2024-06-01,2,7,4,0,0
7282.T,TGOSF,2024-05-01,2,8,3,0,0
WR1.AX,WRSLF,2024-08-01,1,3,1,0,0
WR1.AX,WRSLF,2024-07-01,1,3,1,0,0
WR1.AX,WRSLF,2024-06-01,1,3,1,0,0
WR1.AX,WRSLF,2024-05-01,1,3,1,0,0
SEV.V,SPVNF,2024-03-01,3,5,1,0,0
SEV.V,SPVNF,2024-02-01,3,5,1,0,0
SEV.V,SPVNF,2024-01-01,3,5,1,0,0
SEV.V,SPVNF,2023-12-01,3,5,1,0,0
ZYME,ZYME,2024-08-01,5,5,4,0,0
ZYME,ZYME,2024-07-01,5,5,4,0,0
ZYME,ZYME,2024-06-01,5,5,4,0,0
ZYME,ZYME,2024-05-01,5,5,4,0,0
LVT.CN,LVTTF,2022-10-01,1,3,1,0,0
LVT.CN,LVTTF,2022-09-01,1,3,1,0,0
LVT.CN,LVTTF,2022-08-01,1,3,1,0,0
LVT.CN,LVTTF,2022-07-01,1,3,1,0,0
BTBT,BTBT,2024-08-01,3,6,1,0,0
BTBT,BTBT,2024-07-01,3,6,1,0,0
BTBT,BTBT,2024-06-01,3,6,1,0,0
BTBT,BTBT,2024-05-01,3,6,1,0,0
WAY,WAY,2024-08-01,3,10,1,0,0
8334.T,GMBKF,2024-08-01,0,0,5,3,1
8334.T,GMBKF,2024-07-01,0,0,5,3,1
8334.T,GMBKF,2024-06-01,0,0,5,3,1
8334.T,GMBKF,2024-05-01,0,0,5,3,1
NWO.DE,XINXF,2024-08-01,0,0,4,4,2
NWO.DE,XINXF,2024-07-01,0,0,4,4,2
NWO.DE,XINXF,2024-06-01,0,0,6,3,1
NWO.DE,XINXF,2024-05-01,0,0,6,3,1
3923.T,RKUSF,2024-08-01,2,8,3,1,0
3923.T,RKUSF,2024-07-01,2,8,3,1,0
3923.T,RKUSF,2024-06-01,2,6,4,2,0
3923.T,RKUSF,2024-05-01,2,6,4,1,0
WPRTS.KL,WSTTF,2024-08-01,6,10,8,2,0
WPRTS.KL,WSTTF,2024-07-01,7,14,5,0,0
WPRTS.KL,WSTTF,2024-06-01,8,12,4,1,0
WPRTS.KL,WSTTF,2024-05-01,8,9,5,1,0
2160.HK,MROPF,2024-08-01,3,3,2,0,0
2160.HK,MROPF,2024-07-01,3,3,2,0,0
2160.HK,MROPF,2024-06-01,3,3,2,0,0
2160.HK,MROPF,2024-05-01,3,3,2,0,0
NOS.LS,ZONNF,2024-08-01,4,5,7,3,0
NOS.LS,ZONNF,2024-07-01,4,5,7,3,0
NOS.LS,ZONNF,2024-06-01,4,5,7,3,0
NOS.LS,ZONNF,2024-05-01,4,5,7,3,0
7826.T,FRUYF,2024-08-01,2,4,2,0,0
7826.T,FRUYF,2024-07-01,2,4,2,0,0
7826.T,FRUYF,2024-06-01,3,3,2,0,0
7826.T,FRUYF,2024-05-01,3,2,2,0,0
RUSHA,RUSHB,2024-08-01,5,4,1,0,0
RUSHA,RUSHB,2024-07-01,4,4,1,0,0
RUSHA,RUSHB,2024-06-01,5,4,1,0,0
RUSHA,RUSHB,2024-05-01,5,4,1,0,0
GSK.L,GLAXF,2024-08-01,8,10,12,3,0
GSK.L,GLAXF,2024-07-01,8,11,11,3,0
GSK.L,GLAXF,2024-06-01,8,12,11,3,0
GSK.L,GLAXF,2024-05-01,8,12,10,3,0
OTP.BD,OTPBF,2024-08-01,6,8,3,1,0
OTP.BD,OTPBF,2024-07-01,6,8,4,0,0
OTP.BD,OTPBF,2024-06-01,5,8,5,0,0
OTP.BD,OTPBF,2024-05-01,5,8,5,0,0
ATEA.OL,ATAZF,2024-08-01,5,5,1,1,0
ATEA.OL,ATAZF,2024-07-01,5,4,2,1,0
ATEA.OL,ATAZF,2024-06-01,4,5,1,1,0
ATEA.OL,ATAZF,2024-05-01,4,5,1,1,0
JFC.PM,JBFCF,2024-08-01,3,9,2,1,0
JFC.PM,JBFCF,2024-07-01,3,9,2,1,0
JFC.PM,JBFCF,2024-06-01,4,9,2,1,0
JFC.PM,JBFCF,2024-05-01,4,9,2,1,0
LBRDA,LBRDB,2024-08-01,4,7,1,1,0
LBRDA,LBRDB,2024-07-01,4,7,1,1,0
LBRDA,LBRDB,2024-06-01,4,7,1,1,0
LBRDA,LBRDB,2024-05-01,4,6,1,1,0
GLMD,GLMD,2024-08-01,2,4,1,0,0
GLMD,GLMD,2024-07-01,2,4,1,0,0
GLMD,GLMD,2024-06-01,2,4,1,0,0
GLMD,GLMD,2024-05-01,2,4,1,0,0
APM.AX,APMHF,2024-08-01,0,0,6,3,1
APM.AX,APMHF,2024-07-01,0,0,6,3,1
APM.AX,APMHF,2024-06-01,1,3,4,0,0
APM.AX,APMHF,2024-05-01,1,3,4,0,0
STBA,STBA,2024-08-01,0,0,7,1,2
STBA,STBA,2024-07-01,0,0,7,1,2
STBA,STBA,2024-06-01,0,0,7,1,2
STBA,STBA,2024-05-01,0,0,7,1,2
TAU.V,THSGF,2024-08-01,3,8,1,0,0
TAU.V,THSGF,2024-07-01,3,8,1,0,0
TAU.V,THSGF,2024-06-01,3,9,1,0,0
TAU.V,THSGF,2024-05-01,3,6,1,0,0
BWLPG.OL,BWLP,2024-08-01,6,6,2,0,0
BWLPG.OL,BWLP,2024-07-01,6,7,1,0,0
BWLPG.OL,BWLP,2024-06-01,6,7,2,0,0
BWLPG.OL,BWLP,2024-05-01,5,7,4,0,0
AMS.SW,AUKUF,2024-08-01,1,2,6,5,2
AMS.SW,AUKUF,2024-07-01,2,5,4,2,1
AMS.SW,AUKUF,2024-06-01,2,5,4,2,1
AMS.SW,AUKUF,2024-05-01,2,5,5,2,1
KGL.AX,KGLLF,2024-02-01,1,3,1,0,0
KGL.AX,KGLLF,2024-01-01,1,3,1,0,0
KGL.AX,KGLLF,2023-12-01,1,3,1,0,0
KGL.AX,KGLLF,2023-11-01,1,3,1,0,0
LIFT.V,LIFFF,2024-08-01,1,6,1,0,0
LIFT.V,LIFFF,2024-07-01,1,6,1,0,0
LIFT.V,LIFFF,2024-06-01,1,5,1,0,0
LIFT.V,LIFFF,2024-05-01,1,5,1,0,0
ACC.OL,AKCCF,2024-08-01,2,7,6,0,0
ACC.OL,AKCCF,2024-07-01,2,7,6,0,0
ACC.OL,AKCCF,2024-06-01,2,7,6,0,0
ACC.OL,AKCCF,2024-05-01,2,7,6,0,0
ARBE,ARBE,2024-08-01,2,7,1,0,0
ARBE,ARBE,2024-07-01,2,7,1,0,0
ARBE,ARBE,2024-06-01,2,7,1,0,0
ARBE,ARBE,2024-05-01,2,8,1,0,0
HLMN,HLMN,2024-08-01,6,8,2,0,0
HLMN,HLMN,2024-07-01,6,8,2,0,0
HLMN,HLMN,2024-06-01,6,8,2,0,0
HLMN,HLMN,2024-05-01,6,8,2,0,0
VSTM,VSTM,2024-08-01,3,10,1,0,0
VSTM,VSTM,2024-07-01,3,10,1,0,0
VSTM,VSTM,2024-06-01,3,10,1,0,0
VSTM,VSTM,2024-05-01,3,10,1,0,0
ETL.PA,EUTLF,2024-08-01,0,0,7,9,2
ETL.PA,EUTLF,2024-07-01,0,0,7,9,2
ETL.PA,EUTLF,2024-06-01,0,0,6,9,2
ETL.PA,EUTLF,2024-05-01,1,0,5,9,2
PLXS,PLXS,2024-08-01,2,6,4,0,0
PLXS,PLXS,2024-07-01,2,6,4,0,0
PLXS,PLXS,2024-06-01,2,6,4,0,0
PLXS,PLXS,2024-05-01,2,6,4,0,0
GBLB.BR,GBLBF,2024-08-01,5,5,3,0,0
GBLB.BR,GBLBF,2024-07-01,5,5,3,0,0
GBLB.BR,GBLBF,2024-06-01,5,5,3,0,0
GBLB.BR,GBLBF,2024-05-01,4,4,3,0,0
LLOY.L,LLDTF,2024-08-01,3,8,10,1,0
LLOY.L,LLDTF,2024-07-01,4,10,7,2,0
LLOY.L,LLDTF,2024-06-01,4,10,6,2,0
LLOY.L,LLDTF,2024-05-01,5,9,6,2,0
1801.HK,IVBXF,2024-08-01,13,20,2,0,0
1801.HK,IVBXF,2024-07-01,13,20,2,0,0
1801.HK,IVBXF,2024-06-01,15,18,2,0,0
1801.HK,IVBXF,2024-05-01,13,18,2,0,0
EML.AX,EMCHF,2024-08-01,1,3,4,0,0
EML.AX,EMCHF,2024-07-01,1,3,4,0,0
EML.AX,EMCHF,2024-06-01,1,3,4,0,0
EML.AX,EMCHF,2024-05-01,1,3,4,0,0
UTDPLT.KL,UPBMF,2024-08-01,0,0,3,2,1
UTDPLT.KL,UPBMF,2024-07-01,0,0,3,2,1
UTDPLT.KL,UPBMF,2024-06-01,0,0,3,2,1
UTDPLT.KL,UPBMF,2024-05-01,0,0,3,2,1
ASM.TO,ASM,2024-08-01,1,4,1,0,0
ASM.TO,ASM,2024-07-01,1,4,1,0,0
ASM.TO,ASM,2024-06-01,1,4,1,0,0
ASM.TO,ASM,2024-05-01,1,4,1,0,0
NBR,NBR,2024-08-01,1,1,9,6,1
NBR,NBR,2024-07-01,1,1,9,6,1
NBR,NBR,2024-06-01,1,1,9,6,1
NBR,NBR,2024-05-01,1,1,9,6,1
UNH,UNH,2024-08-01,12,18,2,0,0
UNH,UNH,2024-07-01,11,19,3,0,0
UNH,UNH,2024-06-01,11,18,4,0,0
UNH,UNH,2024-05-01,10,18,4,0,0
DMTK,DMTKQ,2024-08-01,0,0,3,1,2
DMTK,DMTKQ,2024-07-01,0,0,3,1,2
DMTK,DMTKQ,2024-06-01,2,5,3,0,0
DMTK,DMTKQ,2024-05-01,2,5,3,0,0
BZFD,BZFD,2024-04-01,0,0,3,1,2
BZFD,BZFD,2024-03-01,0,0,3,1,2
BZFD,BZFD,2024-02-01,0,0,3,1,2
BZFD,BZFD,2024-01-01,0,0,3,1,2
SPK.NZ,NZTCF,2024-08-01,1,6,5,0,0
SPK.NZ,NZTCF,2024-07-01,1,6,4,1,0
SPK.NZ,NZTCF,2024-06-01,1,5,5,1,0
SPK.NZ,NZTCF,2024-05-01,1,4,6,1,0
WNEB,WNEB,2024-08-01,0,0,5,1,2
WNEB,WNEB,2024-07-01,3,4,2,0,0
WNEB,WNEB,2024-06-01,3,4,2,0,0
WNEB,WNEB,2024-05-01,3,4,3,0,0
VTSC.DE,VTSCF,2024-08-01,3,4,9,0,0
VTSC.DE,VTSCF,2024-07-01,3,4,9,0,0
VTSC.DE,VTSCF,2024-06-01,3,3,10,0,0
VTSC.DE,VTSCF,2024-05-01,2,4,11,0,0
CET.TO,CETEF,2024-08-01,1,6,1,0,0
CET.TO,CETEF,2024-07-01,1,6,1,0,0
CET.TO,CETEF,2024-06-01,1,7,1,0,0
CET.TO,CETEF,2024-05-01,1,7,1,0,0
SUS.ST,SUSRF,2024-08-01,3,4,2,0,0
SUS.ST,SUSRF,2024-07-01,3,4,2,0,0
SUS.ST,SUSRF,2024-06-01,3,4,2,0,0
SUS.ST,SUSRF,2024-05-01,3,4,2,0,0
669.HK,TTNDF,2024-08-01,5,14,2,0,0
669.HK,TTNDF,2024-07-01,5,14,2,0,0
669.HK,TTNDF,2024-06-01,6,13,2,0,0
669.HK,TTNDF,2024-05-01,6,13,2,0,0
DLX,DLX,2024-08-01,2,3,2,0,0
DLX,DLX,2024-07-01,2,3,2,0,0
DLX,DLX,2024-06-01,2,3,2,0,0
DLX,DLX,2024-05-01,2,3,2,0,0
MDU,MDU,2024-08-01,4,2,2,0,0
MDU,MDU,2024-07-01,4,2,2,0,0
MDU,MDU,2024-06-01,4,2,2,0,0
MDU,MDU,2024-05-01,3,2,3,0,0
REPL,REPL,2024-08-01,6,8,1,0,0
REPL,REPL,2024-07-01,6,8,1,0,0
REPL,REPL,2024-06-01,6,8,1,0,0
REPL,REPL,2024-05-01,6,8,1,0,0
TBBK,TBBK,2024-08-01,2,6,1,0,0
TBBK,TBBK,2024-07-01,2,6,1,0,0
TBBK,TBBK,2024-06-01,2,6,1,0,0
TBBK,TBBK,2024-05-01,2,6,1,0,0
TMQ.TO,TMQ,2024-08-01,1,4,4,0,0
TMQ.TO,TMQ,2024-07-01,1,5,3,0,0
TMQ.TO,TMQ,2024-06-01,1,5,3,0,0
TMQ.TO,TMQ,2024-05-01,1,6,2,0,0
CLF,CLF,2024-08-01,1,2,9,6,2
CLF,CLF,2024-07-01,2,1,10,6,2
CLF,CLF,2024-06-01,3,5,6,1,1
CLF,CLF,2024-05-01,2,5,6,1,1
COA.L,CGGGF,2024-08-01,5,10,2,0,0
COA.L,CGGGF,2024-07-01,5,10,2,0,0
COA.L,CGGGF,2024-06-01,5,10,2,0,0
COA.L,CGGGF,2024-05-01,6,9,2,0,0
PXLW,PXLW,2024-08-01,2,6,1,0,0
PXLW,PXLW,2024-07-01,2,6,1,0,0
PXLW,PXLW,2024-06-01,2,6,1,0,0
PXLW,PXLW,2024-05-01,2,6,1,0,0
REP.MC,REPYF,2024-08-01,7,17,8,1,0
REP.MC,REPYF,2024-07-01,7,18,7,1,0
REP.MC,REPYF,2024-06-01,7,18,7,1,0
REP.MC,REPYF,2024-05-01,7,18,7,1,0
TOY.AX,TOYRF,2024-08-01,1,3,1,0,0
TOY.AX,TOYRF,2024-07-01,1,3,1,0,0
TOY.AX,TOYRF,2024-06-01,1,3,1,0,0
TOY.AX,TOYRF,2023-09-01,1,3,1,0,0
LRMR,LRMR,2024-08-01,6,5,1,0,0
LRMR,LRMR,2024-07-01,6,5,1,0,0
LRMR,LRMR,2024-06-01,6,5,1,0,0
LRMR,LRMR,2024-05-01,6,5,1,0,0
PD.TO,PDS,2024-08-01,4,14,2,0,0
PD.TO,PDS,2024-07-01,4,14,2,0,0
PD.TO,PDS,2024-06-01,4,15,2,0,0
PD.TO,PDS,2024-05-01,4,15,2,0,0
CYL.AX,CTYMF,2024-08-01,1,4,1,0,0
CYL.AX,CTYMF,2024-07-01,1,3,1,0,0
CYL.AX,CTYMF,2024-06-01,1,3,1,0,0
CYL.AX,CTYMF,2024-05-01,1,3,1,0,0
NZX.NZ,NZSTF,2024-08-01,1,5,1,0,0
NZX.NZ,NZSTF,2024-07-01,1,5,1,0,0
NZX.NZ,NZSTF,2024-06-01,1,5,1,0,0
NZX.NZ,NZSTF,2024-05-01,1,5,1,0,0
PARRO.PA,PAOTF,2021-12-01,0,0,3,1,3
PARRO.PA,PAOTF,2021-11-01,0,0,3,1,3
PARRO.PA,PAOTF,2021-10-01,0,0,3,1,3
PARRO.PA,PAOTF,2021-09-01,0,0,3,1,3
FLNT,FLNT,2024-08-01,0,0,4,1,2
FLNT,FLNT,2024-07-01,0,0,4,1,2
FLNT,FLNT,2024-06-01,0,0,4,1,2
FLNT,FLNT,2024-05-01,0,0,4,1,2
EVOK,EVOK,2024-08-01,2,4,1,0,0
EVOK,EVOK,2024-07-01,2,4,1,0,0
EVOK,EVOK,2024-06-01,2,4,1,0,0
EVOK,EVOK,2024-05-01,2,4,1,0,0
6666.HK,EVGPF,2024-06-01,0,0,2,5,2
6666.HK,EVGPF,2024-05-01,0,0,2,5,2
6666.HK,EVGPF,2024-04-01,0,0,2,5,2
6666.HK,EVGPF,2024-03-01,0,0,2,5,2
VIS.MC,VSCFF,2024-08-01,4,9,3,0,0
VIS.MC,VSCFF,2024-07-01,4,9,3,0,0
VIS.MC,VSCFF,2024-06-01,4,9,3,0,0
VIS.MC,VSCFF,2024-05-01,4,10,2,0,0
HAS,HAS,2024-08-01,7,8,4,0,0
HAS,HAS,2024-07-01,8,6,5,0,0
HAS,HAS,2024-06-01,7,6,6,0,0
HAS,HAS,2024-05-01,7,5,7,0,0
SGRY,SGRY,2024-08-01,5,10,3,0,0
SGRY,SGRY,2024-07-01,6,9,3,0,0
SGRY,SGRY,2024-06-01,6,8,3,0,0
SGRY,SGRY,2024-05-01,6,8,3,0,0
XPER,XPER,2024-08-01,3,6,1,0,0
XPER,XPER,2024-07-01,3,6,1,0,0
XPER,XPER,2024-06-01,3,6,1,0,0
XPER,XPER,2024-05-01,3,6,1,0,0
CHEF,CHEF,2024-08-01,5,8,1,0,0
CHEF,CHEF,2024-07-01,5,8,1,0,0
CHEF,CHEF,2024-06-01,5,8,1,0,0
CHEF,CHEF,2024-05-01,5,8,1,0,0
GHC,GHC,2024-08-01,0,0,2,5,1
GHC,GHC,2024-07-01,0,0,2,5,1
GHC,GHC,2024-06-01,0,0,2,5,1
GHC,GHC,2024-05-01,0,0,2,5,1
GO,GO,2024-08-01,4,9,6,2,0
GO,GO,2024-07-01,4,8,6,2,0
GO,GO,2024-06-01,4,8,6,2,0
GO,GO,2024-05-01,4,8,6,2,0
PRST,PRST,2024-08-01,0,0,3,1,2
PRST,PRST,2024-07-01,0,0,3,1,2
PRST,PRST,2024-06-01,0,0,4,1,2
PRST,PRST,2024-05-01,2,4,3,0,0
GWRE,GWRE,2024-08-01,7,10,3,1,0
GWRE,GWRE,2024-07-01,7,10,3,1,0
GWRE,GWRE,2024-06-01,7,10,3,1,0
GWRE,GWRE,2024-05-01,7,10,3,1,0
CARA.OL,APXZF,2024-07-01,3,3,1,0,0
CARA.OL,APXZF,2024-06-01,3,3,1,0,0
CARA.OL,APXZF,2024-05-01,3,3,1,0,0
CARA.OL,APXZF,2024-04-01,3,3,1,0,0
OSK,OSK,2024-08-01,5,7,9,1,0
OSK,OSK,2024-07-01,5,6,9,1,0
OSK,OSK,2024-06-01,4,6,9,1,0
OSK,OSK,2024-05-01,4,6,9,1,0
1628.HK,YUZHF,2024-06-01,0,0,2,5,2
1628.HK,YUZHF,2024-05-01,0,0,2,5,2
1628.HK,YUZHF,2024-04-01,0,0,2,5,2
1628.HK,YUZHF,2024-03-01,0,0,2,5,2
THA.JO,TIHRF,2024-08-01,2,4,2,0,1
THA.JO,TIHRF,2024-07-01,2,4,2,0,1
THA.JO,TIHRF,2024-06-01,2,4,2,0,1
THA.JO,TIHRF,2024-05-01,2,4,2,0,1
9517.T,ERXCF,2024-08-01,0,0,4,4,1
9517.T,ERXCF,2024-07-01,0,0,4,4,1
9517.T,ERXCF,2024-06-01,0,0,4,4,1
9517.T,ERXCF,2024-05-01,0,0,4,4,1
CTOS,CTOS,2024-08-01,4,5,3,0,0
CTOS,CTOS,2024-07-01,4,5,3,0,0
CTOS,CTOS,2024-06-01,4,5,2,0,0
CTOS,CTOS,2024-05-01,4,5,2,0,0
ACXP,ACXP,2024-08-01,2,5,1,0,0
ACXP,ACXP,2024-07-01,2,5,1,0,0
ACXP,ACXP,2024-06-01,2,5,1,0,0
ACXP,ACXP,2024-05-01,2,5,1,0,0
AF.PA,AFRAF,2024-08-01,3,3,9,8,3
AF.PA,AFRAF,2024-07-01,6,8,8,5,0
AF.PA,AFRAF,2024-06-01,6,9,6,5,0
AF.PA,AFRAF,2024-05-01,6,8,5,5,0
HUH1V.HE,HOYFF,2024-08-01,6,10,4,0,0
HUH1V.HE,HOYFF,2024-07-01,6,10,4,0,0
HUH1V.HE,HOYFF,2024-06-01,6,9,5,0,0
HUH1V.HE,HOYFF,2024-05-01,6,9,5,0,0
QUAD,QUAD,2024-08-01,3,4,1,0,0
QUAD,QUAD,2024-07-01,3,4,1,0,0
QUAD,QUAD,2024-06-01,3,3,1,0,0
QUAD,QUAD,2024-05-01,3,3,1,0,0
KLG,KLG,2024-08-01,0,0,8,7,1
KLG,KLG,2024-07-01,0,0,9,6,1
KLG,KLG,2024-06-01,0,0,11,5,1
KLG,KLG,2024-05-01,0,0,11,5,1
ET.TO,EVTZF,2024-08-01,3,7,1,0,0
ET.TO,EVTZF,2024-07-01,3,7,1,0,0
ET.TO,EVTZF,2024-06-01,3,7,1,0,0
ET.TO,EVTZF,2024-05-01,3,7,1,0,0
OBDC,OBDC,2024-08-01,6,7,3,1,0
OBDC,OBDC,2024-07-01,6,8,3,1,0
OBDC,OBDC,2024-06-01,6,8,3,1,0
OBDC,OBDC,2024-05-01,6,9,2,1,0
AHT.L,ASHTF,2024-08-01,8,13,6,1,0
AHT.L,ASHTF,2024-07-01,8,14,5,1,0
AHT.L,ASHTF,2024-06-01,8,15,6,0,0
AHT.L,ASHTF,2024-05-01,9,14,6,0,0
GASX.V,GASXF,2024-08-01,2,3,1,0,0
GASX.V,GASXF,2024-07-01,1,3,1,0,0
GASX.V,GASXF,2024-06-01,1,4,1,0,0
GASX.V,GASXF,2024-05-01,1,4,1,0,0
9928.T,RKICF,2022-10-01,0,0,3,3,1
9928.T,RKICF,2022-09-01,0,0,3,3,1
9928.T,RKICF,2022-08-01,0,0,3,3,1
9928.T,RKICF,2022-07-01,0,0,3,3,1
DFH,DFH,2024-08-01,0,0,5,4,1
DFH,DFH,2024-07-01,0,0,5,4,1
DFH,DFH,2024-06-01,0,0,5,4,1
DFH,DFH,2024-05-01,0,0,5,4,1
1113.HK,CHKGF,2024-08-01,2,7,10,0,0
1113.HK,CHKGF,2024-07-01,2,7,9,1,0
1113.HK,CHKGF,2024-06-01,2,7,9,1,0
1113.HK,CHKGF,2024-05-01,2,7,9,1,0
THC,THC,2024-08-01,8,14,3,0,0
THC,THC,2024-07-01,8,14,3,0,0
THC,THC,2024-06-01,8,13,3,0,0
THC,THC,2024-05-01,7,13,3,0,0
AROW,AROW,2024-08-01,0,0,3,1,2
AROW,AROW,2024-07-01,0,0,3,1,2
AROW,AROW,2024-06-01,0,0,3,1,2
AROW,AROW,2024-05-01,0,0,4,1,2
EMPR.V,EMPYF,2024-08-01,1,3,1,0,0
EMPR.V,EMPYF,2024-07-01,1,3,1,0,0
EMPR.V,EMPYF,2024-06-01,1,3,1,0,0
EMPR.V,EMPYF,2024-05-01,1,3,1,0,0
SYRE,SYRE,2024-08-01,7,6,1,0,0
SYRE,SYRE,2024-07-01,7,6,1,0,0
SYRE,SYRE,2024-06-01,7,6,1,0,0
SYRE,SYRE,2024-05-01,6,6,1,0,0
1357.HK,MEIUF,2024-08-01,7,8,1,0,0
1357.HK,MEIUF,2024-07-01,8,8,1,0,0
1357.HK,MEIUF,2024-06-01,8,8,1,0,0
1357.HK,MEIUF,2024-05-01,8,7,1,0,0
GVR.IR,GLVHF,2024-08-01,1,4,3,0,0
GVR.IR,GLVHF,2024-07-01,1,4,3,0,0
GVR.IR,GLVHF,2024-06-01,1,4,4,0,0
GVR.IR,GLVHF,2024-05-01,1,4,3,0,0
SVVC,SVVC,2021-12-01,3,3,1,0,0
SVVC,SVVC,2021-11-01,3,3,1,0,0
SVVC,SVVC,2021-10-01,3,3,1,0,0
SVVC,SVVC,2021-09-01,3,3,1,0,0
HNSA.ST,HNSBF,2024-08-01,4,5,1,0,0
HNSA.ST,HNSBF,2024-07-01,4,5,1,0,0
HNSA.ST,HNSBF,2024-06-01,4,5,1,0,0
HNSA.ST,HNSBF,2024-05-01,4,5,1,1,0
NTGY.MC,GASNF,2024-08-01,1,0,10,9,4
NTGY.MC,GASNF,2024-07-01,1,1,7,11,4
NTGY.MC,GASNF,2024-06-01,0,1,9,11,3
NTGY.MC,GASNF,2024-05-01,0,1,9,11,3
AEVA,AEVA,2024-08-01,3,5,3,0,0
AEVA,AEVA,2024-07-01,3,5,3,0,0
AEVA,AEVA,2024-06-01,3,5,3,0,0
AEVA,AEVA,2024-05-01,3,5,3,0,0
VHI.TO,VHIBF,2024-08-01,3,6,1,0,0
VHI.TO,VHIBF,2024-07-01,3,6,1,0,0
VHI.TO,VHIBF,2024-06-01,3,6,1,0,0
VHI.TO,VHIBF,2024-05-01,3,6,1,0,0
A4N.AX,ALHPF,2024-08-01,1,3,1,0,0
A4N.AX,ALHPF,2024-07-01,1,3,1,0,0
A4N.AX,ALHPF,2024-06-01,1,3,1,0,0
A4N.AX,ALHPF,2024-05-01,1,3,1,0,0
TSCO,TSCO,2024-08-01,7,14,14,3,0
TSCO,TSCO,2024-07-01,7,14,15,2,0
TSCO,TSCO,2024-06-01,7,14,15,2,0
TSCO,TSCO,2024-05-01,7,14,15,2,0
DUK,DUK,2024-08-01,4,8,12,0,0
DUK,DUK,2024-07-01,4,8,12,0,0
DUK,DUK,2024-06-01,4,8,12,0,0
DUK,DUK,2024-05-01,4,9,11,0,0
HOTH,HOTH,2024-08-01,2,5,1,0,0
HOTH,HOTH,2024-07-01,2,5,1,0,0
HOTH,HOTH,2024-06-01,2,5,1,0,0
HOTH,HOTH,2024-05-01,2,5,1,0,0
DCBO.TO,DCBO,2024-08-01,3,12,1,0,0
DCBO.TO,DCBO,2024-07-01,3,12,1,0,0
DCBO.TO,DCBO,2024-06-01,3,11,1,0,0
DCBO.TO,DCBO,2024-05-01,3,10,1,0,0
AIF.TO,ASGTF,2024-08-01,1,5,7,0,0
AIF.TO,ASGTF,2024-07-01,1,5,7,0,0
AIF.TO,ASGTF,2024-06-01,1,5,7,0,0
AIF.TO,ASGTF,2024-05-01,1,5,7,0,0
9508.T,KYSEF,2024-08-01,1,3,5,0,0
9508.T,KYSEF,2024-07-01,1,3,5,0,0
9508.T,KYSEF,2024-06-01,1,3,5,0,0
9508.T,KYSEF,2024-05-01,1,3,5,0,0
AEX.L,AEXFF,2022-09-01,3,5,1,0,0
AEX.L,AEXFF,2022-08-01,3,5,1,0,0
AEX.L,AEXFF,2022-07-01,3,5,1,0,0
AEX.L,AEXFF,2022-06-01,3,5,1,0,0
6060.HK,ZZHGF,2024-08-01,7,11,3,0,0
6060.HK,ZZHGF,2024-07-01,8,11,3,0,0
6060.HK,ZZHGF,2024-06-01,8,11,3,0,0
6060.HK,ZZHGF,2024-05-01,8,11,3,0,0
DOCU,DOCU,2024-08-01,4,6,17,2,0
DOCU,DOCU,2024-07-01,4,7,18,2,0
DOCU,DOCU,2024-06-01,4,7,18,2,0
DOCU,DOCU,2024-05-01,4,7,18,2,0
NEC.AX,NNMTF,2024-08-01,2,7,5,0,0
NEC.AX,NNMTF,2024-07-01,2,7,5,0,0
NEC.AX,NNMTF,2024-06-01,2,7,5,0,0
NEC.AX,NNMTF,2024-05-01,2,7,5,0,0
425.HK,MNTHF,2024-08-01,8,15,1,0,0
425.HK,MNTHF,2024-07-01,8,14,1,0,0
425.HK,MNTHF,2024-06-01,8,14,1,0,0
425.HK,MNTHF,2024-05-01,8,13,1,0,0
LILA,LILA,2024-08-01,3,5,4,0,0
LILA,LILA,2024-07-01,3,6,3,0,0
LILA,LILA,2024-06-01,3,6,3,0,0
LILA,LILA,2024-05-01,3,5,4,0,0
FNV.TO,FNV,2024-08-01,5,8,8,1,0
FNV.TO,FNV,2024-07-01,5,8,8,1,0
FNV.TO,FNV,2024-06-01,5,8,8,1,0
FNV.TO,FNV,2024-05-01,5,7,8,1,0
SPOK,SPOK,2024-08-01,2,4,1,0,0
SPOK,SPOK,2024-07-01,2,4,1,0,0
SPOK,SPOK,2024-06-01,2,4,1,0,0
SPOK,SPOK,2024-05-01,2,4,1,0,0
601811.SS,SHXWF,2024-08-01,1,3,1,0,0
601811.SS,SHXWF,2024-07-01,1,3,1,0,0
601811.SS,SHXWF,2024-06-01,1,3,1,0,0
601811.SS,SHXWF,2024-05-01,1,3,1,0,0
ITW,ITW,2024-08-01,1,2,13,9,2
ITW,ITW,2024-07-01,1,2,13,9,2
ITW,ITW,2024-06-01,1,2,13,9,2
ITW,ITW,2024-05-01,1,2,13,9,2
RMS.PA,HESAF,2024-08-01,5,11,11,0,1
RMS.PA,HESAF,2024-07-01,5,9,12,0,1
RMS.PA,HESAF,2024-06-01,5,9,12,0,1
RMS.PA,HESAF,2024-05-01,3,9,13,0,1
CSW.A.TO,CBYDF,2021-12-01,0,0,3,1,3
CSW.A.TO,CBYDF,2021-11-01,0,0,3,1,3
CSW.A.TO,CBYDF,2021-10-01,0,0,3,1,3
CSW.A.TO,CBYDF,2021-09-01,0,0,3,1,3
KTO.V,KTGDF,2021-12-01,3,5,1,0,0
KTO.V,KTGDF,2021-11-01,3,5,1,0,0
KTO.V,KTGDF,2021-10-01,3,5,1,0,0
KTO.V,KTGDF,2021-09-01,3,5,1,0,0
TLC.AX,LTRCF,2024-08-01,3,8,8,0,0
TLC.AX,LTRCF,2024-07-01,3,9,6,0,0
TLC.AX,LTRCF,2024-06-01,2,8,8,0,0
TLC.AX,LTRCF,2024-05-01,2,7,9,0,0
SF.ST,STLFF,2024-08-01,4,9,5,0,0
SF.ST,STLFF,2024-07-01,5,10,3,0,0
SF.ST,STLFF,2024-06-01,5,10,3,0,0
SF.ST,STLFF,2024-05-01,5,10,3,0,0
2413.T,MTHRF,2024-08-01,1,6,9,2,0
2413.T,MTHRF,2024-07-01,1,7,8,3,0
2413.T,MTHRF,2024-06-01,1,7,8,3,0
2413.T,MTHRF,2024-05-01,1,7,9,2,0
716.HK,SNGSF,2021-12-01,0,0,3,3,1
716.HK,SNGSF,2021-11-01,0,0,3,3,1
716.HK,SNGSF,2021-10-01,0,0,3,3,1
716.HK,SNGSF,2021-09-01,0,0,3,3,1
7172.T,JIACF,2024-08-01,1,3,1,0,0
7172.T,JIACF,2024-07-01,1,3,1,0,0
7172.T,JIACF,2024-06-01,1,3,1,0,0
7172.T,JIACF,2024-05-01,1,3,1,0,0
SSPG.L,SSPPF,2024-08-01,5,10,4,1,0
SSPG.L,SSPPF,2024-07-01,5,10,3,1,0
SSPG.L,SSPPF,2024-06-01,5,11,3,0,0
SSPG.L,SSPPF,2024-05-01,6,10,3,0,0
TH.TO,THTX,2024-08-01,3,6,1,0,0
TH.TO,THTX,2024-07-01,3,6,1,0,0
TH.TO,THTX,2024-06-01,3,6,2,0,0
TH.TO,THTX,2024-05-01,3,6,2,0,0
BCBP,BCBP,2024-08-01,3,3,4,0,0
BCBP,BCBP,2024-07-01,3,3,4,0,0
BCBP,BCBP,2024-06-01,3,3,4,0,0
BCBP,BCBP,2024-05-01,3,3,4,0,0
LOW,LOW,2024-08-01,7,12,19,2,0
LOW,LOW,2024-07-01,7,12,19,2,0
LOW,LOW,2024-06-01,7,12,19,2,0
LOW,LOW,2024-05-01,7,12,19,2,0
VCSA,VCSA,2024-08-01,2,4,7,0,0
VCSA,VCSA,2024-07-01,2,4,7,0,0
VCSA,VCSA,2024-06-01,2,4,8,0,0
VCSA,VCSA,2024-05-01,2,4,8,0,0
CTVA,CTVA,2024-08-01,6,15,8,0,0
CTVA,CTVA,2024-07-01,6,16,8,0,0
CTVA,CTVA,2024-06-01,6,17,7,0,0
CTVA,CTVA,2024-05-01,6,17,7,0,0
XAIR,XAIR,2024-08-01,3,6,2,0,0
XAIR,XAIR,2024-07-01,3,7,2,0,0
XAIR,XAIR,2024-06-01,4,7,1,0,0
XAIR,XAIR,2024-05-01,4,7,1,0,0
NHF.AX,NIBHF,2024-08-01,2,6,7,0,0
NHF.AX,NIBHF,2024-07-01,2,5,8,0,0
NHF.AX,NIBHF,2024-06-01,2,5,8,1,0
NHF.AX,NIBHF,2024-05-01,2,5,8,0,0
AMSC,AMSC,2024-08-01,3,5,1,0,0
AMSC,AMSC,2024-07-01,3,5,1,0,0
AMSC,AMSC,2024-06-01,3,5,1,0,0
AMSC,AMSC,2024-05-01,3,5,1,0,0
1810.HK,XIACF,2024-08-01,10,20,5,1,0
1810.HK,XIACF,2024-07-01,10,19,6,1,0
1810.HK,XIACF,2024-06-01,12,18,6,1,0
1810.HK,XIACF,2024-05-01,11,19,4,2,0
ZC.V,ZTMUF,2022-05-01,2,4,1,0,0
ZC.V,ZTMUF,2022-04-01,2,4,1,0,0
ZC.V,ZTMUF,2022-03-01,2,4,1,0,0
ZC.V,ZTMUF,2022-02-01,2,4,1,0,0
000166.SZ,SHHGF,2024-08-01,0,0,4,3,1
000166.SZ,SHHGF,2024-07-01,0,0,4,3,1
000166.SZ,SHHGF,2024-06-01,0,0,4,3,1
000166.SZ,SHHGF,2024-05-01,0,0,3,3,1
UBAB,UBAB,2024-08-01,3,3,1,0,0
UBAB,UBAB,2024-07-01,3,3,1,0,0
UBAB,UBAB,2024-06-01,3,3,1,0,0
UBAB,UBAB,2024-05-01,3,3,1,0,0
MOON.V,BMOOF,2023-02-01,1,3,1,0,0
MOON.V,BMOOF,2023-01-01,1,3,1,0,0
MOON.V,BMOOF,2022-12-01,1,3,1,0,0
MOON.V,BMOOF,2022-11-01,1,3,1,0,0
52.HK,FRWDF,2021-12-01,0,0,3,2,3
52.HK,FRWDF,2021-11-01,0,0,3,2,3
52.HK,FRWDF,2021-10-01,0,0,3,2,3
52.HK,FRWDF,2021-09-01,0,0,3,2,3
PNDX B.ST,PNDXF,2024-08-01,2,3,3,0,0
PNDX B.ST,PNDXF,2024-07-01,2,3,2,1,0
PNDX B.ST,PNDXF,2024-06-01,2,3,2,1,0
PNDX B.ST,PNDXF,2024-05-01,2,3,2,1,0
PETQ,PETQ,2024-08-01,4,6,2,0,0
PETQ,PETQ,2024-07-01,4,6,2,0,0
PETQ,PETQ,2024-06-01,4,6,2,0,0
PETQ,PETQ,2024-05-01,4,6,2,0,0
ONEW,ONEW,2024-08-01,5,5,4,0,0
ONEW,ONEW,2024-07-01,5,5,4,0,0
ONEW,ONEW,2024-06-01,5,5,3,0,0
ONEW,ONEW,2024-05-01,5,5,3,0,0
BILD.V,BDCTF,2024-08-01,1,3,1,0,0
BILD.V,BDCTF,2024-07-01,1,3,1,0,0
BILD.V,BDCTF,2024-06-01,1,3,1,0,0
BILD.V,BDCTF,2024-05-01,1,3,1,0,0
CBRL,CBRL,2024-08-01,1,0,8,2,4
CBRL,CBRL,2024-07-01,1,0,8,2,4
CBRL,CBRL,2024-06-01,1,1,7,2,4
CBRL,CBRL,2024-05-01,1,1,7,2,4
ALIM,ALIM,2024-08-01,0,0,6,1,2
ALIM,ALIM,2024-07-01,0,0,6,1,2
ALIM,ALIM,2024-06-01,2,7,1,0,0
ALIM,ALIM,2024-05-01,2,7,1,0,0
PFLT,PFLT,2024-08-01,2,5,6,0,0
PFLT,PFLT,2024-07-01,2,5,6,0,0
PFLT,PFLT,2024-06-01,2,5,6,0,0
PFLT,PFLT,2024-05-01,2,5,6,0,0
SSE.L,SSEZF,2024-08-01,7,14,3,0,0
SSE.L,SSEZF,2024-07-01,7,14,3,0,0
SSE.L,SSEZF,2024-06-01,7,14,3,0,0
SSE.L,SSEZF,2024-05-01,7,13,4,0,0
HCA,HCA,2024-08-01,10,12,7,0,0
HCA,HCA,2024-07-01,10,12,7,0,0
HCA,HCA,2024-06-01,10,12,7,0,0
HCA,HCA,2024-05-01,9,12,7,0,0
7717.T,VCHYF,2024-08-01,2,3,2,0,0
7717.T,VCHYF,2024-07-01,2,3,2,0,0
7717.T,VCHYF,2024-06-01,2,3,2,0,0
7717.T,VCHYF,2024-05-01,1,3,3,0,0
IT,IT,2024-08-01,6,6,7,1,0
IT,IT,2024-07-01,6,6,7,1,0
IT,IT,2024-06-01,6,6,7,1,0
IT,IT,2024-05-01,6,6,6,1,0
